-- phpMyAdmin SQL Dump
-- version 4.9.1
-- https://www.phpmyadmin.net/
--
-- 主机： localhost
-- 生成日期： 2019-11-18 15:03:21
-- 服务器版本： 8.0.17
-- PHP 版本： 7.3.10

SET SQL_MODE = "NO_AUTO_VALUE_ON_ZERO";
SET AUTOCOMMIT = 0;
START TRANSACTION;
SET time_zone = "+00:00";


/*!40101 SET @OLD_CHARACTER_SET_CLIENT=@@CHARACTER_SET_CLIENT */;
/*!40101 SET @OLD_CHARACTER_SET_RESULTS=@@CHARACTER_SET_RESULTS */;
/*!40101 SET @OLD_COLLATION_CONNECTION=@@COLLATION_CONNECTION */;
/*!40101 SET NAMES utf8mb4 */;

--
-- 数据库： `mmorpg_world`
--

-- --------------------------------------------------------

--
-- 表的结构 `char_prototype`
--

CREATE TABLE `char_prototype` (
  `charTypeId` int(10) UNSIGNED NOT NULL,
  `charFlags` json NOT NULL,
  `charRace` int(10) UNSIGNED NOT NULL,
  `charElite` int(10) UNSIGNED NOT NULL,
  `level` int(10) UNSIGNED NOT NULL,
  `speedWalk` float NOT NULL,
  `speedRun` float NOT NULL,
  `speedTurn` float NOT NULL,
  `patrolRange` float NOT NULL,
  `boundRadius` float NOT NULL,
  `senseRadius` float NOT NULL,
  `combatRadius` float NOT NULL,
  `combatBestDist` float NOT NULL,
  `minRespawnTime` int(10) UNSIGNED NOT NULL,
  `maxRespawnTime` int(10) UNSIGNED NOT NULL,
  `deadDisappearTime` int(10) UNSIGNED NOT NULL,
  `recoveryHPRate` double NOT NULL,
  `recoveryHPValue` double NOT NULL,
  `recoveryMPRate` double NOT NULL,
  `recoveryMPValue` double NOT NULL,
  `lootSetID` int(10) UNSIGNED NOT NULL,
  `aiScriptId` int(10) UNSIGNED NOT NULL,
  `spawnScriptId` int(10) UNSIGNED NOT NULL,
  `spawnScriptArgs` text NOT NULL,
  `deadScriptId` int(10) UNSIGNED NOT NULL,
  `deadScriptArgs` text NOT NULL,
  `playScriptId` int(10) UNSIGNED NOT NULL,
  `playScriptArgs` text NOT NULL
) ENGINE=InnoDB DEFAULT CHARSET=utf8mb4 COLLATE=utf8mb4_0900_ai_ci;

--
-- 转存表中的数据 `char_prototype`
--

INSERT INTO `char_prototype` (`charTypeId`, `charFlags`, `charRace`, `charElite`, `level`, `speedWalk`, `speedRun`, `speedTurn`, `patrolRange`, `boundRadius`, `senseRadius`, `combatRadius`, `combatBestDist`, `minRespawnTime`, `maxRespawnTime`, `deadDisappearTime`, `recoveryHPRate`, `recoveryHPValue`, `recoveryMPRate`, `recoveryMPValue`, `lootSetID`, `aiScriptId`, `spawnScriptId`, `spawnScriptArgs`, `deadScriptId`, `deadScriptArgs`, `playScriptId`, `playScriptArgs`) VALUES
(1, '{\"isJoinCombat\": true}', 0, 0, 1, 1.5, 4, 0, 0, 0.5, 0, 0, 1.3, 0, 0, 0, 0, 0, 0, 0, 0, 0, 0, '', 0, '', 0, ''),
(2, '{\"isJoinCombat\": true}', 0, 0, 1, 1.5, 4, 0, 0, 0.5, 0, 0, 1.3, 0, 0, 0, 0, 0, 0, 0, 0, 0, 0, '', 0, '', 0, ''),
(3, '{\"isJoinCombat\": true}', 2, 0, 1, 0.5, 3, 180, 9, 0.5, 0, 12, 0.3, 3000, 5000, 1000, 0, 0, 0, 0, 1, 2, 0, '', 0, '', 0, ''),
(4, '{\"isJoinCombat\": true}', 2, 0, 1, 1, 3, 180, 9, 0.5, 0, 12, 1, 3000, 5000, 1000, 0, 0, 0, 0, 1, 2, 0, '', 0, '', 0, ''),
(5, '{\"isJoinCombat\": true}', 2, 0, 1, 1, 10, 180, 5, 0.5, 0, 12, 0.5, 3000, 5000, 1000, 0, 0, 0, 0, 1, 2, 0, '', 0, '', 0, ''),
(6, '{\"isJoinCombat\": true}', 2, 0, 1, 1, 10, 180, 5, 0.5, 0, 12, 0.5, 3000, 5000, 1000, 0, 0, 0, 0, 1, 2, 0, '', 0, '', 0, ''),
(7, '{\"isJoinCombat\": true}', 2, 0, 1, 0.1, 0.5, 180, 3, 0.5, 0, 5, 0.3, 3000, 5000, 1000, 0, 0, 0, 0, 1, 2, 0, '', 0, '', 0, ''),
(8, '{\"isJoinCombat\": true, \"isSensePlayer\": true, \"isSenseCreature\": true}', 2, 0, 1, 1, 9, 180, 30, 0.5, 10, 50, 1.5, 3000, 5000, 1000, 0, 0, 0, 0, 1, 2, 0, '', 0, '', 0, ''),
(9, '{\"isJoinCombat\": true, \"isSensePlayer\": true, \"isSenseCreature\": true}', 2, 0, 1, 1, 6, 180, 20, 0.5, 7, 30, 1.1, 3000, 5000, 1000, 0, 0, 0, 0, 1, 2, 0, '', 0, '', 0, ''),
(10, '{\"isJoinCombat\": true}', 2, 0, 1, 1, 6, 180, 20, 0.5, 0, 30, 2, 3000, 5000, 1000, 0, 0, 0, 0, 1, 2, 0, '', 0, '', 0, ''),
(11, '{\"isJoinCombat\": true}', 2, 0, 1, 1.2, 3, 180, 10, 0.5, 0, 20, 1, 3000, 5000, 1000, 0, 0, 0, 0, 2, 2, 0, '', 0, '', 0, ''),
(12, '{\"isJoinCombat\": true}', 2, 0, 1, 1.2, 3, 180, 10, 0.5, 0, 20, 1, 3000, 5000, 1000, 0, 0, 0, 0, 3, 2, 0, '', 0, '', 0, '');

-- --------------------------------------------------------

--
-- 表的结构 `configure`
--

CREATE TABLE `configure` (
  `cfgIndex` int(10) UNSIGNED NOT NULL,
  `cfgName` varchar(256) NOT NULL,
  `cfgVal` text NOT NULL
) ENGINE=InnoDB DEFAULT CHARSET=utf8mb4 COLLATE=utf8mb4_0900_ai_ci;

--
-- 转存表中的数据 `configure`
--

INSERT INTO `configure` (`cfgIndex`, `cfgName`, `cfgVal`) VALUES
(1, 'BornPosition', '1,1,0,0,0,0');

-- --------------------------------------------------------

--
-- 表的结构 `creature_attribute`
--

CREATE TABLE `creature_attribute` (
  `Id` int(10) UNSIGNED NOT NULL,
  `elite` int(10) UNSIGNED NOT NULL,
  `level` int(10) UNSIGNED NOT NULL,
  `attrs` json NOT NULL,
  `damageFactor` double NOT NULL
) ENGINE=InnoDB DEFAULT CHARSET=utf8mb4 COLLATE=utf8mb4_0900_ai_ci;

--
-- 转存表中的数据 `creature_attribute`
--

INSERT INTO `creature_attribute` (`Id`, `elite`, `level`, `attrs`, `damageFactor`) VALUES
(1, 0, 1, '[0, 100, 100, 100, 100, 1, 0, 0, 0, 0, 0]', 1),
(2, 0, 2, '[0, 200, 200, 200, 200, 1, 0, 0, 0, 0, 0]', 2),
(3, 0, 3, '[0, 300, 300, 300, 300, 1, 0, 0, 0, 0, 0]', 3),
(4, 0, 4, '[0, 400, 400, 400, 400, 1, 0, 0, 0, 0, 0]', 4),
(5, 0, 5, '[0, 500, 500, 500, 500, 1, 0, 0, 0, 0, 0]', 5),
(6, 0, 6, '[0, 600, 600, 600, 600, 1, 0, 0, 0, 0, 0]', 6),
(7, 0, 7, '[0, 700, 700, 700, 700, 1, 0, 0, 0, 0, 0]', 7),
(8, 0, 8, '[0, 800, 800, 800, 800, 1, 0, 0, 0, 0, 0]', 8),
(9, 0, 9, '[0, 900, 900, 900, 900, 1, 0, 0, 0, 0, 0]', 9),
(10, 0, 10, '[0, 1000, 1000, 1000, 1000, 1, 0, 0, 0, 0, 0]', 10),
(11, 0, 11, '[0, 1100, 1100, 1100, 1100, 1, 0, 0, 0, 0, 0]', 11),
(12, 0, 12, '[0, 1200, 1200, 1200, 1200, 1, 0, 0, 0, 0, 0]', 12),
(13, 0, 13, '[0, 1300, 1300, 1300, 1300, 1, 0, 0, 0, 0, 0]', 13),
(14, 0, 14, '[0, 1400, 1400, 1400, 1400, 1, 0, 0, 0, 0, 0]', 14),
(15, 0, 15, '[0, 1500, 1500, 1500, 1500, 1, 0, 0, 0, 0, 0]', 15),
(16, 0, 16, '[0, 1600, 1600, 1600, 1600, 1, 0, 0, 0, 0, 0]', 16),
(17, 0, 17, '[0, 1700, 1700, 1700, 1700, 1, 0, 0, 0, 0, 0]', 17),
(18, 0, 18, '[0, 1800, 1800, 1800, 1800, 1, 0, 0, 0, 0, 0]', 18),
(19, 0, 19, '[0, 1900, 1900, 1900, 1900, 1, 0, 0, 0, 0, 0]', 19),
(20, 0, 20, '[0, 2000, 2000, 2000, 2000, 1, 0, 0, 0, 0, 0]', 20),
(21, 0, 21, '[0, 2100, 2100, 2100, 2100, 1, 0, 0, 0, 0, 0]', 21),
(22, 0, 22, '[0, 2200, 2200, 2200, 2200, 1, 0, 0, 0, 0, 0]', 22),
(23, 0, 23, '[0, 2300, 2300, 2300, 2300, 1, 0, 0, 0, 0, 0]', 23),
(24, 0, 24, '[0, 2400, 2400, 2400, 2400, 1, 0, 0, 0, 0, 0]', 24),
(25, 0, 25, '[0, 2500, 2500, 2500, 2500, 1, 0, 0, 0, 0, 0]', 25),
(26, 0, 26, '[0, 2600, 2600, 2600, 2600, 1, 0, 0, 0, 0, 0]', 26),
(27, 0, 27, '[0, 2700, 2700, 2700, 2700, 1, 0, 0, 0, 0, 0]', 27),
(28, 0, 28, '[0, 2800, 2800, 2800, 2800, 1, 0, 0, 0, 0, 0]', 28),
(29, 0, 29, '[0, 2900, 2900, 2900, 2900, 1, 0, 0, 0, 0, 0]', 29),
(30, 0, 30, '[0, 3000, 3000, 3000, 3000, 1, 0, 0, 0, 0, 0]', 30),
(31, 0, 31, '[0, 3100, 3100, 3100, 3100, 1, 0, 0, 0, 0, 0]', 31),
(32, 0, 32, '[0, 3200, 3200, 3200, 3200, 1, 0, 0, 0, 0, 0]', 32),
(33, 0, 33, '[0, 3300, 3300, 3300, 3300, 1, 0, 0, 0, 0, 0]', 33),
(34, 0, 34, '[0, 3400, 3400, 3400, 3400, 1, 0, 0, 0, 0, 0]', 34),
(35, 0, 35, '[0, 3500, 3500, 3500, 3500, 1, 0, 0, 0, 0, 0]', 35),
(36, 0, 36, '[0, 3600, 3600, 3600, 3600, 1, 0, 0, 0, 0, 0]', 36),
(37, 0, 37, '[0, 3700, 3700, 3700, 3700, 1, 0, 0, 0, 0, 0]', 37),
(38, 0, 38, '[0, 3800, 3800, 3800, 3800, 1, 0, 0, 0, 0, 0]', 38),
(39, 0, 39, '[0, 3900, 3900, 3900, 3900, 1, 0, 0, 0, 0, 0]', 39),
(40, 0, 40, '[0, 4000, 4000, 4000, 4000, 1, 0, 0, 0, 0, 0]', 40),
(41, 0, 41, '[0, 4100, 4100, 4100, 4100, 1, 0, 0, 0, 0, 0]', 41),
(42, 0, 42, '[0, 4200, 4200, 4200, 4200, 1, 0, 0, 0, 0, 0]', 42),
(43, 0, 43, '[0, 4300, 4300, 4300, 4300, 1, 0, 0, 0, 0, 0]', 43),
(44, 0, 44, '[0, 4400, 4400, 4400, 4400, 1, 0, 0, 0, 0, 0]', 44),
(45, 0, 45, '[0, 4500, 4500, 4500, 4500, 1, 0, 0, 0, 0, 0]', 45),
(46, 0, 46, '[0, 4600, 4600, 4600, 4600, 1, 0, 0, 0, 0, 0]', 46),
(47, 0, 47, '[0, 4700, 4700, 4700, 4700, 1, 0, 0, 0, 0, 0]', 47),
(48, 0, 48, '[0, 4800, 4800, 4800, 4800, 1, 0, 0, 0, 0, 0]', 48),
(49, 0, 49, '[0, 4900, 4900, 4900, 4900, 1, 0, 0, 0, 0, 0]', 49),
(50, 0, 50, '[0, 5000, 5000, 5000, 5000, 1, 0, 0, 0, 0, 0]', 50),
(51, 0, 51, '[0, 5100, 5100, 5100, 5100, 1, 0, 0, 0, 0, 0]', 51),
(52, 0, 52, '[0, 5200, 5200, 5200, 5200, 1, 0, 0, 0, 0, 0]', 52),
(53, 0, 53, '[0, 5300, 5300, 5300, 5300, 1, 0, 0, 0, 0, 0]', 53),
(54, 0, 54, '[0, 5400, 5400, 5400, 5400, 1, 0, 0, 0, 0, 0]', 54),
(55, 0, 55, '[0, 5500, 5500, 5500, 5500, 1, 0, 0, 0, 0, 0]', 55),
(56, 0, 56, '[0, 5600, 5600, 5600, 5600, 1, 0, 0, 0, 0, 0]', 56),
(57, 0, 57, '[0, 5700, 5700, 5700, 5700, 1, 0, 0, 0, 0, 0]', 57),
(58, 0, 58, '[0, 5800, 5800, 5800, 5800, 1, 0, 0, 0, 0, 0]', 58),
(59, 0, 59, '[0, 5900, 5900, 5900, 5900, 1, 0, 0, 0, 0, 0]', 59),
(60, 0, 60, '[0, 6000, 6000, 6000, 6000, 1, 0, 0, 0, 0, 0]', 60),
(61, 0, 61, '[0, 6100, 6100, 6100, 6100, 1, 0, 0, 0, 0, 0]', 61),
(62, 0, 62, '[0, 6200, 6200, 6200, 6200, 1, 0, 0, 0, 0, 0]', 62),
(63, 0, 63, '[0, 6300, 6300, 6300, 6300, 1, 0, 0, 0, 0, 0]', 63),
(64, 0, 64, '[0, 6400, 6400, 6400, 6400, 1, 0, 0, 0, 0, 0]', 64),
(65, 0, 65, '[0, 6500, 6500, 6500, 6500, 1, 0, 0, 0, 0, 0]', 65),
(66, 0, 66, '[0, 6600, 6600, 6600, 6600, 1, 0, 0, 0, 0, 0]', 66),
(67, 0, 67, '[0, 6700, 6700, 6700, 6700, 1, 0, 0, 0, 0, 0]', 67),
(68, 0, 68, '[0, 6800, 6800, 6800, 6800, 1, 0, 0, 0, 0, 0]', 68),
(69, 0, 69, '[0, 6900, 6900, 6900, 6900, 1, 0, 0, 0, 0, 0]', 69),
(70, 0, 70, '[0, 7000, 7000, 7000, 7000, 1, 0, 0, 0, 0, 0]', 70),
(71, 0, 71, '[0, 7100, 7100, 7100, 7100, 1, 0, 0, 0, 0, 0]', 71),
(72, 0, 72, '[0, 7200, 7200, 7200, 7200, 1, 0, 0, 0, 0, 0]', 72),
(73, 0, 73, '[0, 7300, 7300, 7300, 7300, 1, 0, 0, 0, 0, 0]', 73),
(74, 0, 74, '[0, 7400, 7400, 7400, 7400, 1, 0, 0, 0, 0, 0]', 74),
(75, 0, 75, '[0, 7500, 7500, 7500, 7500, 1, 0, 0, 0, 0, 0]', 75),
(76, 0, 76, '[0, 7600, 7600, 7600, 7600, 1, 0, 0, 0, 0, 0]', 76),
(77, 0, 77, '[0, 7700, 7700, 7700, 7700, 1, 0, 0, 0, 0, 0]', 77),
(78, 0, 78, '[0, 7800, 7800, 7800, 7800, 1, 0, 0, 0, 0, 0]', 78),
(79, 0, 79, '[0, 7900, 7900, 7900, 7900, 1, 0, 0, 0, 0, 0]', 79),
(80, 0, 80, '[0, 8000, 8000, 8000, 8000, 1, 0, 0, 0, 0, 0]', 80),
(81, 0, 81, '[0, 8100, 8100, 8100, 8100, 1, 0, 0, 0, 0, 0]', 81),
(82, 0, 82, '[0, 8200, 8200, 8200, 8200, 1, 0, 0, 0, 0, 0]', 82),
(83, 0, 83, '[0, 8300, 8300, 8300, 8300, 1, 0, 0, 0, 0, 0]', 83),
(84, 0, 84, '[0, 8400, 8400, 8400, 8400, 1, 0, 0, 0, 0, 0]', 84),
(85, 0, 85, '[0, 8500, 8500, 8500, 8500, 1, 0, 0, 0, 0, 0]', 85),
(86, 0, 86, '[0, 8600, 8600, 8600, 8600, 1, 0, 0, 0, 0, 0]', 86),
(87, 0, 87, '[0, 8700, 8700, 8700, 8700, 1, 0, 0, 0, 0, 0]', 87),
(88, 0, 88, '[0, 8800, 8800, 8800, 8800, 1, 0, 0, 0, 0, 0]', 88),
(89, 0, 89, '[0, 8900, 8900, 8900, 8900, 1, 0, 0, 0, 0, 0]', 89),
(90, 0, 90, '[0, 9000, 9000, 9000, 9000, 1, 0, 0, 0, 0, 0]', 90),
(91, 0, 91, '[0, 9100, 9100, 9100, 9100, 1, 0, 0, 0, 0, 0]', 91),
(92, 0, 92, '[0, 9200, 9200, 9200, 9200, 1, 0, 0, 0, 0, 0]', 92),
(93, 0, 93, '[0, 9300, 9300, 9300, 9300, 1, 0, 0, 0, 0, 0]', 93),
(94, 0, 94, '[0, 9400, 9400, 9400, 9400, 1, 0, 0, 0, 0, 0]', 94),
(95, 0, 95, '[0, 9500, 9500, 9500, 9500, 1, 0, 0, 0, 0, 0]', 95),
(96, 0, 96, '[0, 9600, 9600, 9600, 9600, 1, 0, 0, 0, 0, 0]', 96),
(97, 0, 97, '[0, 9700, 9700, 9700, 9700, 1, 0, 0, 0, 0, 0]', 97),
(98, 0, 98, '[0, 9800, 9800, 9800, 9800, 1, 0, 0, 0, 0, 0]', 98),
(99, 0, 99, '[0, 9900, 9900, 9900, 9900, 1, 0, 0, 0, 0, 0]', 99),
(100, 0, 100, '[0, 10000, 10000, 10000, 10000, 1, 0, 0, 0, 0, 0]', 100),
(16777217, 1, 1, '[0, 100, 100, 100, 100, 1, 0, 0, 0, 0, 0]', 1),
(16777218, 1, 2, '[0, 200, 200, 200, 200, 1, 0, 0, 0, 0, 0]', 2),
(16777219, 1, 3, '[0, 300, 300, 300, 300, 1, 0, 0, 0, 0, 0]', 3),
(16777220, 1, 4, '[0, 400, 400, 400, 400, 1, 0, 0, 0, 0, 0]', 4),
(16777221, 1, 5, '[0, 500, 500, 500, 500, 1, 0, 0, 0, 0, 0]', 5),
(16777222, 1, 6, '[0, 600, 600, 600, 600, 1, 0, 0, 0, 0, 0]', 6),
(16777223, 1, 7, '[0, 700, 700, 700, 700, 1, 0, 0, 0, 0, 0]', 7),
(16777224, 1, 8, '[0, 800, 800, 800, 800, 1, 0, 0, 0, 0, 0]', 8),
(16777225, 1, 9, '[0, 900, 900, 900, 900, 1, 0, 0, 0, 0, 0]', 9),
(16777226, 1, 10, '[0, 1000, 1000, 1000, 1000, 1, 0, 0, 0, 0, 0]', 10),
(16777227, 1, 11, '[0, 1100, 1100, 1100, 1100, 1, 0, 0, 0, 0, 0]', 11),
(16777228, 1, 12, '[0, 1200, 1200, 1200, 1200, 1, 0, 0, 0, 0, 0]', 12),
(16777229, 1, 13, '[0, 1300, 1300, 1300, 1300, 1, 0, 0, 0, 0, 0]', 13),
(16777230, 1, 14, '[0, 1400, 1400, 1400, 1400, 1, 0, 0, 0, 0, 0]', 14),
(16777231, 1, 15, '[0, 1500, 1500, 1500, 1500, 1, 0, 0, 0, 0, 0]', 15),
(16777232, 1, 16, '[0, 1600, 1600, 1600, 1600, 1, 0, 0, 0, 0, 0]', 16),
(16777233, 1, 17, '[0, 1700, 1700, 1700, 1700, 1, 0, 0, 0, 0, 0]', 17),
(16777234, 1, 18, '[0, 1800, 1800, 1800, 1800, 1, 0, 0, 0, 0, 0]', 18),
(16777235, 1, 19, '[0, 1900, 1900, 1900, 1900, 1, 0, 0, 0, 0, 0]', 19),
(16777236, 1, 20, '[0, 2000, 2000, 2000, 2000, 1, 0, 0, 0, 0, 0]', 20),
(16777237, 1, 21, '[0, 2100, 2100, 2100, 2100, 1, 0, 0, 0, 0, 0]', 21),
(16777238, 1, 22, '[0, 2200, 2200, 2200, 2200, 1, 0, 0, 0, 0, 0]', 22),
(16777239, 1, 23, '[0, 2300, 2300, 2300, 2300, 1, 0, 0, 0, 0, 0]', 23),
(16777240, 1, 24, '[0, 2400, 2400, 2400, 2400, 1, 0, 0, 0, 0, 0]', 24),
(16777241, 1, 25, '[0, 2500, 2500, 2500, 2500, 1, 0, 0, 0, 0, 0]', 25),
(16777242, 1, 26, '[0, 2600, 2600, 2600, 2600, 1, 0, 0, 0, 0, 0]', 26),
(16777243, 1, 27, '[0, 2700, 2700, 2700, 2700, 1, 0, 0, 0, 0, 0]', 27),
(16777244, 1, 28, '[0, 2800, 2800, 2800, 2800, 1, 0, 0, 0, 0, 0]', 28),
(16777245, 1, 29, '[0, 2900, 2900, 2900, 2900, 1, 0, 0, 0, 0, 0]', 29),
(16777246, 1, 30, '[0, 3000, 3000, 3000, 3000, 1, 0, 0, 0, 0, 0]', 30),
(16777247, 1, 31, '[0, 3100, 3100, 3100, 3100, 1, 0, 0, 0, 0, 0]', 31),
(16777248, 1, 32, '[0, 3200, 3200, 3200, 3200, 1, 0, 0, 0, 0, 0]', 32),
(16777249, 1, 33, '[0, 3300, 3300, 3300, 3300, 1, 0, 0, 0, 0, 0]', 33),
(16777250, 1, 34, '[0, 3400, 3400, 3400, 3400, 1, 0, 0, 0, 0, 0]', 34),
(16777251, 1, 35, '[0, 3500, 3500, 3500, 3500, 1, 0, 0, 0, 0, 0]', 35),
(16777252, 1, 36, '[0, 3600, 3600, 3600, 3600, 1, 0, 0, 0, 0, 0]', 36),
(16777253, 1, 37, '[0, 3700, 3700, 3700, 3700, 1, 0, 0, 0, 0, 0]', 37),
(16777254, 1, 38, '[0, 3800, 3800, 3800, 3800, 1, 0, 0, 0, 0, 0]', 38),
(16777255, 1, 39, '[0, 3900, 3900, 3900, 3900, 1, 0, 0, 0, 0, 0]', 39),
(16777256, 1, 40, '[0, 4000, 4000, 4000, 4000, 1, 0, 0, 0, 0, 0]', 40),
(16777257, 1, 41, '[0, 4100, 4100, 4100, 4100, 1, 0, 0, 0, 0, 0]', 41),
(16777258, 1, 42, '[0, 4200, 4200, 4200, 4200, 1, 0, 0, 0, 0, 0]', 42),
(16777259, 1, 43, '[0, 4300, 4300, 4300, 4300, 1, 0, 0, 0, 0, 0]', 43),
(16777260, 1, 44, '[0, 4400, 4400, 4400, 4400, 1, 0, 0, 0, 0, 0]', 44),
(16777261, 1, 45, '[0, 4500, 4500, 4500, 4500, 1, 0, 0, 0, 0, 0]', 45),
(16777262, 1, 46, '[0, 4600, 4600, 4600, 4600, 1, 0, 0, 0, 0, 0]', 46),
(16777263, 1, 47, '[0, 4700, 4700, 4700, 4700, 1, 0, 0, 0, 0, 0]', 47),
(16777264, 1, 48, '[0, 4800, 4800, 4800, 4800, 1, 0, 0, 0, 0, 0]', 48),
(16777265, 1, 49, '[0, 4900, 4900, 4900, 4900, 1, 0, 0, 0, 0, 0]', 49),
(16777266, 1, 50, '[0, 5000, 5000, 5000, 5000, 1, 0, 0, 0, 0, 0]', 50),
(16777267, 1, 51, '[0, 5100, 5100, 5100, 5100, 1, 0, 0, 0, 0, 0]', 51),
(16777268, 1, 52, '[0, 5200, 5200, 5200, 5200, 1, 0, 0, 0, 0, 0]', 52),
(16777269, 1, 53, '[0, 5300, 5300, 5300, 5300, 1, 0, 0, 0, 0, 0]', 53),
(16777270, 1, 54, '[0, 5400, 5400, 5400, 5400, 1, 0, 0, 0, 0, 0]', 54),
(16777271, 1, 55, '[0, 5500, 5500, 5500, 5500, 1, 0, 0, 0, 0, 0]', 55),
(16777272, 1, 56, '[0, 5600, 5600, 5600, 5600, 1, 0, 0, 0, 0, 0]', 56),
(16777273, 1, 57, '[0, 5700, 5700, 5700, 5700, 1, 0, 0, 0, 0, 0]', 57),
(16777274, 1, 58, '[0, 5800, 5800, 5800, 5800, 1, 0, 0, 0, 0, 0]', 58),
(16777275, 1, 59, '[0, 5900, 5900, 5900, 5900, 1, 0, 0, 0, 0, 0]', 59),
(16777276, 1, 60, '[0, 6000, 6000, 6000, 6000, 1, 0, 0, 0, 0, 0]', 60),
(16777277, 1, 61, '[0, 6100, 6100, 6100, 6100, 1, 0, 0, 0, 0, 0]', 61),
(16777278, 1, 62, '[0, 6200, 6200, 6200, 6200, 1, 0, 0, 0, 0, 0]', 62),
(16777279, 1, 63, '[0, 6300, 6300, 6300, 6300, 1, 0, 0, 0, 0, 0]', 63),
(16777280, 1, 64, '[0, 6400, 6400, 6400, 6400, 1, 0, 0, 0, 0, 0]', 64),
(16777281, 1, 65, '[0, 6500, 6500, 6500, 6500, 1, 0, 0, 0, 0, 0]', 65),
(16777282, 1, 66, '[0, 6600, 6600, 6600, 6600, 1, 0, 0, 0, 0, 0]', 66),
(16777283, 1, 67, '[0, 6700, 6700, 6700, 6700, 1, 0, 0, 0, 0, 0]', 67),
(16777284, 1, 68, '[0, 6800, 6800, 6800, 6800, 1, 0, 0, 0, 0, 0]', 68),
(16777285, 1, 69, '[0, 6900, 6900, 6900, 6900, 1, 0, 0, 0, 0, 0]', 69),
(16777286, 1, 70, '[0, 7000, 7000, 7000, 7000, 1, 0, 0, 0, 0, 0]', 70),
(16777287, 1, 71, '[0, 7100, 7100, 7100, 7100, 1, 0, 0, 0, 0, 0]', 71),
(16777288, 1, 72, '[0, 7200, 7200, 7200, 7200, 1, 0, 0, 0, 0, 0]', 72),
(16777289, 1, 73, '[0, 7300, 7300, 7300, 7300, 1, 0, 0, 0, 0, 0]', 73),
(16777290, 1, 74, '[0, 7400, 7400, 7400, 7400, 1, 0, 0, 0, 0, 0]', 74),
(16777291, 1, 75, '[0, 7500, 7500, 7500, 7500, 1, 0, 0, 0, 0, 0]', 75),
(16777292, 1, 76, '[0, 7600, 7600, 7600, 7600, 1, 0, 0, 0, 0, 0]', 76),
(16777293, 1, 77, '[0, 7700, 7700, 7700, 7700, 1, 0, 0, 0, 0, 0]', 77),
(16777294, 1, 78, '[0, 7800, 7800, 7800, 7800, 1, 0, 0, 0, 0, 0]', 78),
(16777295, 1, 79, '[0, 7900, 7900, 7900, 7900, 1, 0, 0, 0, 0, 0]', 79),
(16777296, 1, 80, '[0, 8000, 8000, 8000, 8000, 1, 0, 0, 0, 0, 0]', 80),
(16777297, 1, 81, '[0, 8100, 8100, 8100, 8100, 1, 0, 0, 0, 0, 0]', 81),
(16777298, 1, 82, '[0, 8200, 8200, 8200, 8200, 1, 0, 0, 0, 0, 0]', 82),
(16777299, 1, 83, '[0, 8300, 8300, 8300, 8300, 1, 0, 0, 0, 0, 0]', 83),
(16777300, 1, 84, '[0, 8400, 8400, 8400, 8400, 1, 0, 0, 0, 0, 0]', 84),
(16777301, 1, 85, '[0, 8500, 8500, 8500, 8500, 1, 0, 0, 0, 0, 0]', 85),
(16777302, 1, 86, '[0, 8600, 8600, 8600, 8600, 1, 0, 0, 0, 0, 0]', 86),
(16777303, 1, 87, '[0, 8700, 8700, 8700, 8700, 1, 0, 0, 0, 0, 0]', 87),
(16777304, 1, 88, '[0, 8800, 8800, 8800, 8800, 1, 0, 0, 0, 0, 0]', 88),
(16777305, 1, 89, '[0, 8900, 8900, 8900, 8900, 1, 0, 0, 0, 0, 0]', 89),
(16777306, 1, 90, '[0, 9000, 9000, 9000, 9000, 1, 0, 0, 0, 0, 0]', 90),
(16777307, 1, 91, '[0, 9100, 9100, 9100, 9100, 1, 0, 0, 0, 0, 0]', 91),
(16777308, 1, 92, '[0, 9200, 9200, 9200, 9200, 1, 0, 0, 0, 0, 0]', 92),
(16777309, 1, 93, '[0, 9300, 9300, 9300, 9300, 1, 0, 0, 0, 0, 0]', 93),
(16777310, 1, 94, '[0, 9400, 9400, 9400, 9400, 1, 0, 0, 0, 0, 0]', 94),
(16777311, 1, 95, '[0, 9500, 9500, 9500, 9500, 1, 0, 0, 0, 0, 0]', 95),
(16777312, 1, 96, '[0, 9600, 9600, 9600, 9600, 1, 0, 0, 0, 0, 0]', 96),
(16777313, 1, 97, '[0, 9700, 9700, 9700, 9700, 1, 0, 0, 0, 0, 0]', 97),
(16777314, 1, 98, '[0, 9800, 9800, 9800, 9800, 1, 0, 0, 0, 0, 0]', 98),
(16777315, 1, 99, '[0, 9900, 9900, 9900, 9900, 1, 0, 0, 0, 0, 0]', 99),
(16777316, 1, 100, '[0, 10000, 10000, 10000, 10000, 1, 0, 0, 0, 0, 0]', 100),
(33554433, 2, 1, '[0, 100, 100, 100, 100, 1, 0, 0, 0, 0, 0]', 1),
(33554434, 2, 2, '[0, 200, 200, 200, 200, 1, 0, 0, 0, 0, 0]', 2),
(33554435, 2, 3, '[0, 300, 300, 300, 300, 1, 0, 0, 0, 0, 0]', 3),
(33554436, 2, 4, '[0, 400, 400, 400, 400, 1, 0, 0, 0, 0, 0]', 4),
(33554437, 2, 5, '[0, 500, 500, 500, 500, 1, 0, 0, 0, 0, 0]', 5),
(33554438, 2, 6, '[0, 600, 600, 600, 600, 1, 0, 0, 0, 0, 0]', 6),
(33554439, 2, 7, '[0, 700, 700, 700, 700, 1, 0, 0, 0, 0, 0]', 7),
(33554440, 2, 8, '[0, 800, 800, 800, 800, 1, 0, 0, 0, 0, 0]', 8),
(33554441, 2, 9, '[0, 900, 900, 900, 900, 1, 0, 0, 0, 0, 0]', 9),
(33554442, 2, 10, '[0, 1000, 1000, 1000, 1000, 1, 0, 0, 0, 0, 0]', 10),
(33554443, 2, 11, '[0, 1100, 1100, 1100, 1100, 1, 0, 0, 0, 0, 0]', 11),
(33554444, 2, 12, '[0, 1200, 1200, 1200, 1200, 1, 0, 0, 0, 0, 0]', 12),
(33554445, 2, 13, '[0, 1300, 1300, 1300, 1300, 1, 0, 0, 0, 0, 0]', 13),
(33554446, 2, 14, '[0, 1400, 1400, 1400, 1400, 1, 0, 0, 0, 0, 0]', 14),
(33554447, 2, 15, '[0, 1500, 1500, 1500, 1500, 1, 0, 0, 0, 0, 0]', 15),
(33554448, 2, 16, '[0, 1600, 1600, 1600, 1600, 1, 0, 0, 0, 0, 0]', 16),
(33554449, 2, 17, '[0, 1700, 1700, 1700, 1700, 1, 0, 0, 0, 0, 0]', 17),
(33554450, 2, 18, '[0, 1800, 1800, 1800, 1800, 1, 0, 0, 0, 0, 0]', 18),
(33554451, 2, 19, '[0, 1900, 1900, 1900, 1900, 1, 0, 0, 0, 0, 0]', 19),
(33554452, 2, 20, '[0, 2000, 2000, 2000, 2000, 1, 0, 0, 0, 0, 0]', 20),
(33554453, 2, 21, '[0, 2100, 2100, 2100, 2100, 1, 0, 0, 0, 0, 0]', 21),
(33554454, 2, 22, '[0, 2200, 2200, 2200, 2200, 1, 0, 0, 0, 0, 0]', 22),
(33554455, 2, 23, '[0, 2300, 2300, 2300, 2300, 1, 0, 0, 0, 0, 0]', 23),
(33554456, 2, 24, '[0, 2400, 2400, 2400, 2400, 1, 0, 0, 0, 0, 0]', 24),
(33554457, 2, 25, '[0, 2500, 2500, 2500, 2500, 1, 0, 0, 0, 0, 0]', 25),
(33554458, 2, 26, '[0, 2600, 2600, 2600, 2600, 1, 0, 0, 0, 0, 0]', 26),
(33554459, 2, 27, '[0, 2700, 2700, 2700, 2700, 1, 0, 0, 0, 0, 0]', 27),
(33554460, 2, 28, '[0, 2800, 2800, 2800, 2800, 1, 0, 0, 0, 0, 0]', 28),
(33554461, 2, 29, '[0, 2900, 2900, 2900, 2900, 1, 0, 0, 0, 0, 0]', 29),
(33554462, 2, 30, '[0, 3000, 3000, 3000, 3000, 1, 0, 0, 0, 0, 0]', 30),
(33554463, 2, 31, '[0, 3100, 3100, 3100, 3100, 1, 0, 0, 0, 0, 0]', 31),
(33554464, 2, 32, '[0, 3200, 3200, 3200, 3200, 1, 0, 0, 0, 0, 0]', 32),
(33554465, 2, 33, '[0, 3300, 3300, 3300, 3300, 1, 0, 0, 0, 0, 0]', 33),
(33554466, 2, 34, '[0, 3400, 3400, 3400, 3400, 1, 0, 0, 0, 0, 0]', 34),
(33554467, 2, 35, '[0, 3500, 3500, 3500, 3500, 1, 0, 0, 0, 0, 0]', 35),
(33554468, 2, 36, '[0, 3600, 3600, 3600, 3600, 1, 0, 0, 0, 0, 0]', 36),
(33554469, 2, 37, '[0, 3700, 3700, 3700, 3700, 1, 0, 0, 0, 0, 0]', 37),
(33554470, 2, 38, '[0, 3800, 3800, 3800, 3800, 1, 0, 0, 0, 0, 0]', 38),
(33554471, 2, 39, '[0, 3900, 3900, 3900, 3900, 1, 0, 0, 0, 0, 0]', 39),
(33554472, 2, 40, '[0, 4000, 4000, 4000, 4000, 1, 0, 0, 0, 0, 0]', 40),
(33554473, 2, 41, '[0, 4100, 4100, 4100, 4100, 1, 0, 0, 0, 0, 0]', 41),
(33554474, 2, 42, '[0, 4200, 4200, 4200, 4200, 1, 0, 0, 0, 0, 0]', 42),
(33554475, 2, 43, '[0, 4300, 4300, 4300, 4300, 1, 0, 0, 0, 0, 0]', 43),
(33554476, 2, 44, '[0, 4400, 4400, 4400, 4400, 1, 0, 0, 0, 0, 0]', 44),
(33554477, 2, 45, '[0, 4500, 4500, 4500, 4500, 1, 0, 0, 0, 0, 0]', 45),
(33554478, 2, 46, '[0, 4600, 4600, 4600, 4600, 1, 0, 0, 0, 0, 0]', 46),
(33554479, 2, 47, '[0, 4700, 4700, 4700, 4700, 1, 0, 0, 0, 0, 0]', 47),
(33554480, 2, 48, '[0, 4800, 4800, 4800, 4800, 1, 0, 0, 0, 0, 0]', 48),
(33554481, 2, 49, '[0, 4900, 4900, 4900, 4900, 1, 0, 0, 0, 0, 0]', 49),
(33554482, 2, 50, '[0, 5000, 5000, 5000, 5000, 1, 0, 0, 0, 0, 0]', 50),
(33554483, 2, 51, '[0, 5100, 5100, 5100, 5100, 1, 0, 0, 0, 0, 0]', 51),
(33554484, 2, 52, '[0, 5200, 5200, 5200, 5200, 1, 0, 0, 0, 0, 0]', 52),
(33554485, 2, 53, '[0, 5300, 5300, 5300, 5300, 1, 0, 0, 0, 0, 0]', 53),
(33554486, 2, 54, '[0, 5400, 5400, 5400, 5400, 1, 0, 0, 0, 0, 0]', 54),
(33554487, 2, 55, '[0, 5500, 5500, 5500, 5500, 1, 0, 0, 0, 0, 0]', 55),
(33554488, 2, 56, '[0, 5600, 5600, 5600, 5600, 1, 0, 0, 0, 0, 0]', 56),
(33554489, 2, 57, '[0, 5700, 5700, 5700, 5700, 1, 0, 0, 0, 0, 0]', 57),
(33554490, 2, 58, '[0, 5800, 5800, 5800, 5800, 1, 0, 0, 0, 0, 0]', 58),
(33554491, 2, 59, '[0, 5900, 5900, 5900, 5900, 1, 0, 0, 0, 0, 0]', 59),
(33554492, 2, 60, '[0, 6000, 6000, 6000, 6000, 1, 0, 0, 0, 0, 0]', 60),
(33554493, 2, 61, '[0, 6100, 6100, 6100, 6100, 1, 0, 0, 0, 0, 0]', 61),
(33554494, 2, 62, '[0, 6200, 6200, 6200, 6200, 1, 0, 0, 0, 0, 0]', 62),
(33554495, 2, 63, '[0, 6300, 6300, 6300, 6300, 1, 0, 0, 0, 0, 0]', 63),
(33554496, 2, 64, '[0, 6400, 6400, 6400, 6400, 1, 0, 0, 0, 0, 0]', 64),
(33554497, 2, 65, '[0, 6500, 6500, 6500, 6500, 1, 0, 0, 0, 0, 0]', 65),
(33554498, 2, 66, '[0, 6600, 6600, 6600, 6600, 1, 0, 0, 0, 0, 0]', 66),
(33554499, 2, 67, '[0, 6700, 6700, 6700, 6700, 1, 0, 0, 0, 0, 0]', 67),
(33554500, 2, 68, '[0, 6800, 6800, 6800, 6800, 1, 0, 0, 0, 0, 0]', 68),
(33554501, 2, 69, '[0, 6900, 6900, 6900, 6900, 1, 0, 0, 0, 0, 0]', 69),
(33554502, 2, 70, '[0, 7000, 7000, 7000, 7000, 1, 0, 0, 0, 0, 0]', 70),
(33554503, 2, 71, '[0, 7100, 7100, 7100, 7100, 1, 0, 0, 0, 0, 0]', 71),
(33554504, 2, 72, '[0, 7200, 7200, 7200, 7200, 1, 0, 0, 0, 0, 0]', 72),
(33554505, 2, 73, '[0, 7300, 7300, 7300, 7300, 1, 0, 0, 0, 0, 0]', 73),
(33554506, 2, 74, '[0, 7400, 7400, 7400, 7400, 1, 0, 0, 0, 0, 0]', 74),
(33554507, 2, 75, '[0, 7500, 7500, 7500, 7500, 1, 0, 0, 0, 0, 0]', 75),
(33554508, 2, 76, '[0, 7600, 7600, 7600, 7600, 1, 0, 0, 0, 0, 0]', 76),
(33554509, 2, 77, '[0, 7700, 7700, 7700, 7700, 1, 0, 0, 0, 0, 0]', 77),
(33554510, 2, 78, '[0, 7800, 7800, 7800, 7800, 1, 0, 0, 0, 0, 0]', 78),
(33554511, 2, 79, '[0, 7900, 7900, 7900, 7900, 1, 0, 0, 0, 0, 0]', 79),
(33554512, 2, 80, '[0, 8000, 8000, 8000, 8000, 1, 0, 0, 0, 0, 0]', 80),
(33554513, 2, 81, '[0, 8100, 8100, 8100, 8100, 1, 0, 0, 0, 0, 0]', 81),
(33554514, 2, 82, '[0, 8200, 8200, 8200, 8200, 1, 0, 0, 0, 0, 0]', 82),
(33554515, 2, 83, '[0, 8300, 8300, 8300, 8300, 1, 0, 0, 0, 0, 0]', 83),
(33554516, 2, 84, '[0, 8400, 8400, 8400, 8400, 1, 0, 0, 0, 0, 0]', 84),
(33554517, 2, 85, '[0, 8500, 8500, 8500, 8500, 1, 0, 0, 0, 0, 0]', 85),
(33554518, 2, 86, '[0, 8600, 8600, 8600, 8600, 1, 0, 0, 0, 0, 0]', 86),
(33554519, 2, 87, '[0, 8700, 8700, 8700, 8700, 1, 0, 0, 0, 0, 0]', 87),
(33554520, 2, 88, '[0, 8800, 8800, 8800, 8800, 1, 0, 0, 0, 0, 0]', 88),
(33554521, 2, 89, '[0, 8900, 8900, 8900, 8900, 1, 0, 0, 0, 0, 0]', 89),
(33554522, 2, 90, '[0, 9000, 9000, 9000, 9000, 1, 0, 0, 0, 0, 0]', 90),
(33554523, 2, 91, '[0, 9100, 9100, 9100, 9100, 1, 0, 0, 0, 0, 0]', 91),
(33554524, 2, 92, '[0, 9200, 9200, 9200, 9200, 1, 0, 0, 0, 0, 0]', 92),
(33554525, 2, 93, '[0, 9300, 9300, 9300, 9300, 1, 0, 0, 0, 0, 0]', 93),
(33554526, 2, 94, '[0, 9400, 9400, 9400, 9400, 1, 0, 0, 0, 0, 0]', 94),
(33554527, 2, 95, '[0, 9500, 9500, 9500, 9500, 1, 0, 0, 0, 0, 0]', 95),
(33554528, 2, 96, '[0, 9600, 9600, 9600, 9600, 1, 0, 0, 0, 0, 0]', 96),
(33554529, 2, 97, '[0, 9700, 9700, 9700, 9700, 1, 0, 0, 0, 0, 0]', 97),
(33554530, 2, 98, '[0, 9800, 9800, 9800, 9800, 1, 0, 0, 0, 0, 0]', 98),
(33554531, 2, 99, '[0, 9900, 9900, 9900, 9900, 1, 0, 0, 0, 0, 0]', 99),
(33554532, 2, 100, '[0, 10000, 10000, 10000, 10000, 1, 0, 0, 0, 0, 0]', 100),
(50331649, 3, 1, '[0, 100, 100, 100, 100, 1, 0, 0, 0, 0, 0]', 1),
(50331650, 3, 2, '[0, 200, 200, 200, 200, 1, 0, 0, 0, 0, 0]', 2),
(50331651, 3, 3, '[0, 300, 300, 300, 300, 1, 0, 0, 0, 0, 0]', 3),
(50331652, 3, 4, '[0, 400, 400, 400, 400, 1, 0, 0, 0, 0, 0]', 4),
(50331653, 3, 5, '[0, 500, 500, 500, 500, 1, 0, 0, 0, 0, 0]', 5),
(50331654, 3, 6, '[0, 600, 600, 600, 600, 1, 0, 0, 0, 0, 0]', 6),
(50331655, 3, 7, '[0, 700, 700, 700, 700, 1, 0, 0, 0, 0, 0]', 7),
(50331656, 3, 8, '[0, 800, 800, 800, 800, 1, 0, 0, 0, 0, 0]', 8),
(50331657, 3, 9, '[0, 900, 900, 900, 900, 1, 0, 0, 0, 0, 0]', 9),
(50331658, 3, 10, '[0, 1000, 1000, 1000, 1000, 1, 0, 0, 0, 0, 0]', 10),
(50331659, 3, 11, '[0, 1100, 1100, 1100, 1100, 1, 0, 0, 0, 0, 0]', 11),
(50331660, 3, 12, '[0, 1200, 1200, 1200, 1200, 1, 0, 0, 0, 0, 0]', 12),
(50331661, 3, 13, '[0, 1300, 1300, 1300, 1300, 1, 0, 0, 0, 0, 0]', 13),
(50331662, 3, 14, '[0, 1400, 1400, 1400, 1400, 1, 0, 0, 0, 0, 0]', 14),
(50331663, 3, 15, '[0, 1500, 1500, 1500, 1500, 1, 0, 0, 0, 0, 0]', 15),
(50331664, 3, 16, '[0, 1600, 1600, 1600, 1600, 1, 0, 0, 0, 0, 0]', 16),
(50331665, 3, 17, '[0, 1700, 1700, 1700, 1700, 1, 0, 0, 0, 0, 0]', 17),
(50331666, 3, 18, '[0, 1800, 1800, 1800, 1800, 1, 0, 0, 0, 0, 0]', 18),
(50331667, 3, 19, '[0, 1900, 1900, 1900, 1900, 1, 0, 0, 0, 0, 0]', 19),
(50331668, 3, 20, '[0, 2000, 2000, 2000, 2000, 1, 0, 0, 0, 0, 0]', 20),
(50331669, 3, 21, '[0, 2100, 2100, 2100, 2100, 1, 0, 0, 0, 0, 0]', 21),
(50331670, 3, 22, '[0, 2200, 2200, 2200, 2200, 1, 0, 0, 0, 0, 0]', 22),
(50331671, 3, 23, '[0, 2300, 2300, 2300, 2300, 1, 0, 0, 0, 0, 0]', 23),
(50331672, 3, 24, '[0, 2400, 2400, 2400, 2400, 1, 0, 0, 0, 0, 0]', 24),
(50331673, 3, 25, '[0, 2500, 2500, 2500, 2500, 1, 0, 0, 0, 0, 0]', 25),
(50331674, 3, 26, '[0, 2600, 2600, 2600, 2600, 1, 0, 0, 0, 0, 0]', 26),
(50331675, 3, 27, '[0, 2700, 2700, 2700, 2700, 1, 0, 0, 0, 0, 0]', 27),
(50331676, 3, 28, '[0, 2800, 2800, 2800, 2800, 1, 0, 0, 0, 0, 0]', 28),
(50331677, 3, 29, '[0, 2900, 2900, 2900, 2900, 1, 0, 0, 0, 0, 0]', 29),
(50331678, 3, 30, '[0, 3000, 3000, 3000, 3000, 1, 0, 0, 0, 0, 0]', 30),
(50331679, 3, 31, '[0, 3100, 3100, 3100, 3100, 1, 0, 0, 0, 0, 0]', 31),
(50331680, 3, 32, '[0, 3200, 3200, 3200, 3200, 1, 0, 0, 0, 0, 0]', 32),
(50331681, 3, 33, '[0, 3300, 3300, 3300, 3300, 1, 0, 0, 0, 0, 0]', 33),
(50331682, 3, 34, '[0, 3400, 3400, 3400, 3400, 1, 0, 0, 0, 0, 0]', 34),
(50331683, 3, 35, '[0, 3500, 3500, 3500, 3500, 1, 0, 0, 0, 0, 0]', 35),
(50331684, 3, 36, '[0, 3600, 3600, 3600, 3600, 1, 0, 0, 0, 0, 0]', 36),
(50331685, 3, 37, '[0, 3700, 3700, 3700, 3700, 1, 0, 0, 0, 0, 0]', 37),
(50331686, 3, 38, '[0, 3800, 3800, 3800, 3800, 1, 0, 0, 0, 0, 0]', 38),
(50331687, 3, 39, '[0, 3900, 3900, 3900, 3900, 1, 0, 0, 0, 0, 0]', 39),
(50331688, 3, 40, '[0, 4000, 4000, 4000, 4000, 1, 0, 0, 0, 0, 0]', 40),
(50331689, 3, 41, '[0, 4100, 4100, 4100, 4100, 1, 0, 0, 0, 0, 0]', 41),
(50331690, 3, 42, '[0, 4200, 4200, 4200, 4200, 1, 0, 0, 0, 0, 0]', 42),
(50331691, 3, 43, '[0, 4300, 4300, 4300, 4300, 1, 0, 0, 0, 0, 0]', 43),
(50331692, 3, 44, '[0, 4400, 4400, 4400, 4400, 1, 0, 0, 0, 0, 0]', 44),
(50331693, 3, 45, '[0, 4500, 4500, 4500, 4500, 1, 0, 0, 0, 0, 0]', 45),
(50331694, 3, 46, '[0, 4600, 4600, 4600, 4600, 1, 0, 0, 0, 0, 0]', 46),
(50331695, 3, 47, '[0, 4700, 4700, 4700, 4700, 1, 0, 0, 0, 0, 0]', 47),
(50331696, 3, 48, '[0, 4800, 4800, 4800, 4800, 1, 0, 0, 0, 0, 0]', 48),
(50331697, 3, 49, '[0, 4900, 4900, 4900, 4900, 1, 0, 0, 0, 0, 0]', 49),
(50331698, 3, 50, '[0, 5000, 5000, 5000, 5000, 1, 0, 0, 0, 0, 0]', 50),
(50331699, 3, 51, '[0, 5100, 5100, 5100, 5100, 1, 0, 0, 0, 0, 0]', 51),
(50331700, 3, 52, '[0, 5200, 5200, 5200, 5200, 1, 0, 0, 0, 0, 0]', 52),
(50331701, 3, 53, '[0, 5300, 5300, 5300, 5300, 1, 0, 0, 0, 0, 0]', 53),
(50331702, 3, 54, '[0, 5400, 5400, 5400, 5400, 1, 0, 0, 0, 0, 0]', 54),
(50331703, 3, 55, '[0, 5500, 5500, 5500, 5500, 1, 0, 0, 0, 0, 0]', 55),
(50331704, 3, 56, '[0, 5600, 5600, 5600, 5600, 1, 0, 0, 0, 0, 0]', 56),
(50331705, 3, 57, '[0, 5700, 5700, 5700, 5700, 1, 0, 0, 0, 0, 0]', 57),
(50331706, 3, 58, '[0, 5800, 5800, 5800, 5800, 1, 0, 0, 0, 0, 0]', 58),
(50331707, 3, 59, '[0, 5900, 5900, 5900, 5900, 1, 0, 0, 0, 0, 0]', 59),
(50331708, 3, 60, '[0, 6000, 6000, 6000, 6000, 1, 0, 0, 0, 0, 0]', 60),
(50331709, 3, 61, '[0, 6100, 6100, 6100, 6100, 1, 0, 0, 0, 0, 0]', 61),
(50331710, 3, 62, '[0, 6200, 6200, 6200, 6200, 1, 0, 0, 0, 0, 0]', 62),
(50331711, 3, 63, '[0, 6300, 6300, 6300, 6300, 1, 0, 0, 0, 0, 0]', 63),
(50331712, 3, 64, '[0, 6400, 6400, 6400, 6400, 1, 0, 0, 0, 0, 0]', 64),
(50331713, 3, 65, '[0, 6500, 6500, 6500, 6500, 1, 0, 0, 0, 0, 0]', 65),
(50331714, 3, 66, '[0, 6600, 6600, 6600, 6600, 1, 0, 0, 0, 0, 0]', 66),
(50331715, 3, 67, '[0, 6700, 6700, 6700, 6700, 1, 0, 0, 0, 0, 0]', 67),
(50331716, 3, 68, '[0, 6800, 6800, 6800, 6800, 1, 0, 0, 0, 0, 0]', 68),
(50331717, 3, 69, '[0, 6900, 6900, 6900, 6900, 1, 0, 0, 0, 0, 0]', 69),
(50331718, 3, 70, '[0, 7000, 7000, 7000, 7000, 1, 0, 0, 0, 0, 0]', 70),
(50331719, 3, 71, '[0, 7100, 7100, 7100, 7100, 1, 0, 0, 0, 0, 0]', 71),
(50331720, 3, 72, '[0, 7200, 7200, 7200, 7200, 1, 0, 0, 0, 0, 0]', 72),
(50331721, 3, 73, '[0, 7300, 7300, 7300, 7300, 1, 0, 0, 0, 0, 0]', 73),
(50331722, 3, 74, '[0, 7400, 7400, 7400, 7400, 1, 0, 0, 0, 0, 0]', 74),
(50331723, 3, 75, '[0, 7500, 7500, 7500, 7500, 1, 0, 0, 0, 0, 0]', 75),
(50331724, 3, 76, '[0, 7600, 7600, 7600, 7600, 1, 0, 0, 0, 0, 0]', 76),
(50331725, 3, 77, '[0, 7700, 7700, 7700, 7700, 1, 0, 0, 0, 0, 0]', 77),
(50331726, 3, 78, '[0, 7800, 7800, 7800, 7800, 1, 0, 0, 0, 0, 0]', 78),
(50331727, 3, 79, '[0, 7900, 7900, 7900, 7900, 1, 0, 0, 0, 0, 0]', 79),
(50331728, 3, 80, '[0, 8000, 8000, 8000, 8000, 1, 0, 0, 0, 0, 0]', 80),
(50331729, 3, 81, '[0, 8100, 8100, 8100, 8100, 1, 0, 0, 0, 0, 0]', 81),
(50331730, 3, 82, '[0, 8200, 8200, 8200, 8200, 1, 0, 0, 0, 0, 0]', 82),
(50331731, 3, 83, '[0, 8300, 8300, 8300, 8300, 1, 0, 0, 0, 0, 0]', 83),
(50331732, 3, 84, '[0, 8400, 8400, 8400, 8400, 1, 0, 0, 0, 0, 0]', 84),
(50331733, 3, 85, '[0, 8500, 8500, 8500, 8500, 1, 0, 0, 0, 0, 0]', 85),
(50331734, 3, 86, '[0, 8600, 8600, 8600, 8600, 1, 0, 0, 0, 0, 0]', 86),
(50331735, 3, 87, '[0, 8700, 8700, 8700, 8700, 1, 0, 0, 0, 0, 0]', 87),
(50331736, 3, 88, '[0, 8800, 8800, 8800, 8800, 1, 0, 0, 0, 0, 0]', 88),
(50331737, 3, 89, '[0, 8900, 8900, 8900, 8900, 1, 0, 0, 0, 0, 0]', 89),
(50331738, 3, 90, '[0, 9000, 9000, 9000, 9000, 1, 0, 0, 0, 0, 0]', 90),
(50331739, 3, 91, '[0, 9100, 9100, 9100, 9100, 1, 0, 0, 0, 0, 0]', 91),
(50331740, 3, 92, '[0, 9200, 9200, 9200, 9200, 1, 0, 0, 0, 0, 0]', 92),
(50331741, 3, 93, '[0, 9300, 9300, 9300, 9300, 1, 0, 0, 0, 0, 0]', 93),
(50331742, 3, 94, '[0, 9400, 9400, 9400, 9400, 1, 0, 0, 0, 0, 0]', 94),
(50331743, 3, 95, '[0, 9500, 9500, 9500, 9500, 1, 0, 0, 0, 0, 0]', 95),
(50331744, 3, 96, '[0, 9600, 9600, 9600, 9600, 1, 0, 0, 0, 0, 0]', 96),
(50331745, 3, 97, '[0, 9700, 9700, 9700, 9700, 1, 0, 0, 0, 0, 0]', 97),
(50331746, 3, 98, '[0, 9800, 9800, 9800, 9800, 1, 0, 0, 0, 0, 0]', 98),
(50331747, 3, 99, '[0, 9900, 9900, 9900, 9900, 1, 0, 0, 0, 0, 0]', 99),
(50331748, 3, 100, '[0, 10000, 10000, 10000, 10000, 1, 0, 0, 0, 0, 0]', 100),
(67108865, 4, 1, '[0, 100, 100, 100, 100, 1, 0, 0, 0, 0, 0]', 1),
(67108866, 4, 2, '[0, 200, 200, 200, 200, 1, 0, 0, 0, 0, 0]', 2),
(67108867, 4, 3, '[0, 300, 300, 300, 300, 1, 0, 0, 0, 0, 0]', 3),
(67108868, 4, 4, '[0, 400, 400, 400, 400, 1, 0, 0, 0, 0, 0]', 4),
(67108869, 4, 5, '[0, 500, 500, 500, 500, 1, 0, 0, 0, 0, 0]', 5),
(67108870, 4, 6, '[0, 600, 600, 600, 600, 1, 0, 0, 0, 0, 0]', 6),
(67108871, 4, 7, '[0, 700, 700, 700, 700, 1, 0, 0, 0, 0, 0]', 7),
(67108872, 4, 8, '[0, 800, 800, 800, 800, 1, 0, 0, 0, 0, 0]', 8),
(67108873, 4, 9, '[0, 900, 900, 900, 900, 1, 0, 0, 0, 0, 0]', 9),
(67108874, 4, 10, '[0, 1000, 1000, 1000, 1000, 1, 0, 0, 0, 0, 0]', 10),
(67108875, 4, 11, '[0, 1100, 1100, 1100, 1100, 1, 0, 0, 0, 0, 0]', 11),
(67108876, 4, 12, '[0, 1200, 1200, 1200, 1200, 1, 0, 0, 0, 0, 0]', 12),
(67108877, 4, 13, '[0, 1300, 1300, 1300, 1300, 1, 0, 0, 0, 0, 0]', 13),
(67108878, 4, 14, '[0, 1400, 1400, 1400, 1400, 1, 0, 0, 0, 0, 0]', 14),
(67108879, 4, 15, '[0, 1500, 1500, 1500, 1500, 1, 0, 0, 0, 0, 0]', 15),
(67108880, 4, 16, '[0, 1600, 1600, 1600, 1600, 1, 0, 0, 0, 0, 0]', 16),
(67108881, 4, 17, '[0, 1700, 1700, 1700, 1700, 1, 0, 0, 0, 0, 0]', 17),
(67108882, 4, 18, '[0, 1800, 1800, 1800, 1800, 1, 0, 0, 0, 0, 0]', 18),
(67108883, 4, 19, '[0, 1900, 1900, 1900, 1900, 1, 0, 0, 0, 0, 0]', 19),
(67108884, 4, 20, '[0, 2000, 2000, 2000, 2000, 1, 0, 0, 0, 0, 0]', 20),
(67108885, 4, 21, '[0, 2100, 2100, 2100, 2100, 1, 0, 0, 0, 0, 0]', 21),
(67108886, 4, 22, '[0, 2200, 2200, 2200, 2200, 1, 0, 0, 0, 0, 0]', 22),
(67108887, 4, 23, '[0, 2300, 2300, 2300, 2300, 1, 0, 0, 0, 0, 0]', 23),
(67108888, 4, 24, '[0, 2400, 2400, 2400, 2400, 1, 0, 0, 0, 0, 0]', 24),
(67108889, 4, 25, '[0, 2500, 2500, 2500, 2500, 1, 0, 0, 0, 0, 0]', 25),
(67108890, 4, 26, '[0, 2600, 2600, 2600, 2600, 1, 0, 0, 0, 0, 0]', 26),
(67108891, 4, 27, '[0, 2700, 2700, 2700, 2700, 1, 0, 0, 0, 0, 0]', 27),
(67108892, 4, 28, '[0, 2800, 2800, 2800, 2800, 1, 0, 0, 0, 0, 0]', 28),
(67108893, 4, 29, '[0, 2900, 2900, 2900, 2900, 1, 0, 0, 0, 0, 0]', 29),
(67108894, 4, 30, '[0, 3000, 3000, 3000, 3000, 1, 0, 0, 0, 0, 0]', 30),
(67108895, 4, 31, '[0, 3100, 3100, 3100, 3100, 1, 0, 0, 0, 0, 0]', 31),
(67108896, 4, 32, '[0, 3200, 3200, 3200, 3200, 1, 0, 0, 0, 0, 0]', 32),
(67108897, 4, 33, '[0, 3300, 3300, 3300, 3300, 1, 0, 0, 0, 0, 0]', 33),
(67108898, 4, 34, '[0, 3400, 3400, 3400, 3400, 1, 0, 0, 0, 0, 0]', 34),
(67108899, 4, 35, '[0, 3500, 3500, 3500, 3500, 1, 0, 0, 0, 0, 0]', 35),
(67108900, 4, 36, '[0, 3600, 3600, 3600, 3600, 1, 0, 0, 0, 0, 0]', 36),
(67108901, 4, 37, '[0, 3700, 3700, 3700, 3700, 1, 0, 0, 0, 0, 0]', 37),
(67108902, 4, 38, '[0, 3800, 3800, 3800, 3800, 1, 0, 0, 0, 0, 0]', 38),
(67108903, 4, 39, '[0, 3900, 3900, 3900, 3900, 1, 0, 0, 0, 0, 0]', 39),
(67108904, 4, 40, '[0, 4000, 4000, 4000, 4000, 1, 0, 0, 0, 0, 0]', 40),
(67108905, 4, 41, '[0, 4100, 4100, 4100, 4100, 1, 0, 0, 0, 0, 0]', 41),
(67108906, 4, 42, '[0, 4200, 4200, 4200, 4200, 1, 0, 0, 0, 0, 0]', 42),
(67108907, 4, 43, '[0, 4300, 4300, 4300, 4300, 1, 0, 0, 0, 0, 0]', 43),
(67108908, 4, 44, '[0, 4400, 4400, 4400, 4400, 1, 0, 0, 0, 0, 0]', 44),
(67108909, 4, 45, '[0, 4500, 4500, 4500, 4500, 1, 0, 0, 0, 0, 0]', 45),
(67108910, 4, 46, '[0, 4600, 4600, 4600, 4600, 1, 0, 0, 0, 0, 0]', 46),
(67108911, 4, 47, '[0, 4700, 4700, 4700, 4700, 1, 0, 0, 0, 0, 0]', 47),
(67108912, 4, 48, '[0, 4800, 4800, 4800, 4800, 1, 0, 0, 0, 0, 0]', 48),
(67108913, 4, 49, '[0, 4900, 4900, 4900, 4900, 1, 0, 0, 0, 0, 0]', 49),
(67108914, 4, 50, '[0, 5000, 5000, 5000, 5000, 1, 0, 0, 0, 0, 0]', 50),
(67108915, 4, 51, '[0, 5100, 5100, 5100, 5100, 1, 0, 0, 0, 0, 0]', 51),
(67108916, 4, 52, '[0, 5200, 5200, 5200, 5200, 1, 0, 0, 0, 0, 0]', 52),
(67108917, 4, 53, '[0, 5300, 5300, 5300, 5300, 1, 0, 0, 0, 0, 0]', 53),
(67108918, 4, 54, '[0, 5400, 5400, 5400, 5400, 1, 0, 0, 0, 0, 0]', 54),
(67108919, 4, 55, '[0, 5500, 5500, 5500, 5500, 1, 0, 0, 0, 0, 0]', 55),
(67108920, 4, 56, '[0, 5600, 5600, 5600, 5600, 1, 0, 0, 0, 0, 0]', 56),
(67108921, 4, 57, '[0, 5700, 5700, 5700, 5700, 1, 0, 0, 0, 0, 0]', 57),
(67108922, 4, 58, '[0, 5800, 5800, 5800, 5800, 1, 0, 0, 0, 0, 0]', 58),
(67108923, 4, 59, '[0, 5900, 5900, 5900, 5900, 1, 0, 0, 0, 0, 0]', 59),
(67108924, 4, 60, '[0, 6000, 6000, 6000, 6000, 1, 0, 0, 0, 0, 0]', 60),
(67108925, 4, 61, '[0, 6100, 6100, 6100, 6100, 1, 0, 0, 0, 0, 0]', 61),
(67108926, 4, 62, '[0, 6200, 6200, 6200, 6200, 1, 0, 0, 0, 0, 0]', 62),
(67108927, 4, 63, '[0, 6300, 6300, 6300, 6300, 1, 0, 0, 0, 0, 0]', 63),
(67108928, 4, 64, '[0, 6400, 6400, 6400, 6400, 1, 0, 0, 0, 0, 0]', 64),
(67108929, 4, 65, '[0, 6500, 6500, 6500, 6500, 1, 0, 0, 0, 0, 0]', 65),
(67108930, 4, 66, '[0, 6600, 6600, 6600, 6600, 1, 0, 0, 0, 0, 0]', 66),
(67108931, 4, 67, '[0, 6700, 6700, 6700, 6700, 1, 0, 0, 0, 0, 0]', 67),
(67108932, 4, 68, '[0, 6800, 6800, 6800, 6800, 1, 0, 0, 0, 0, 0]', 68),
(67108933, 4, 69, '[0, 6900, 6900, 6900, 6900, 1, 0, 0, 0, 0, 0]', 69),
(67108934, 4, 70, '[0, 7000, 7000, 7000, 7000, 1, 0, 0, 0, 0, 0]', 70),
(67108935, 4, 71, '[0, 7100, 7100, 7100, 7100, 1, 0, 0, 0, 0, 0]', 71),
(67108936, 4, 72, '[0, 7200, 7200, 7200, 7200, 1, 0, 0, 0, 0, 0]', 72),
(67108937, 4, 73, '[0, 7300, 7300, 7300, 7300, 1, 0, 0, 0, 0, 0]', 73),
(67108938, 4, 74, '[0, 7400, 7400, 7400, 7400, 1, 0, 0, 0, 0, 0]', 74),
(67108939, 4, 75, '[0, 7500, 7500, 7500, 7500, 1, 0, 0, 0, 0, 0]', 75),
(67108940, 4, 76, '[0, 7600, 7600, 7600, 7600, 1, 0, 0, 0, 0, 0]', 76),
(67108941, 4, 77, '[0, 7700, 7700, 7700, 7700, 1, 0, 0, 0, 0, 0]', 77),
(67108942, 4, 78, '[0, 7800, 7800, 7800, 7800, 1, 0, 0, 0, 0, 0]', 78),
(67108943, 4, 79, '[0, 7900, 7900, 7900, 7900, 1, 0, 0, 0, 0, 0]', 79),
(67108944, 4, 80, '[0, 8000, 8000, 8000, 8000, 1, 0, 0, 0, 0, 0]', 80),
(67108945, 4, 81, '[0, 8100, 8100, 8100, 8100, 1, 0, 0, 0, 0, 0]', 81),
(67108946, 4, 82, '[0, 8200, 8200, 8200, 8200, 1, 0, 0, 0, 0, 0]', 82),
(67108947, 4, 83, '[0, 8300, 8300, 8300, 8300, 1, 0, 0, 0, 0, 0]', 83),
(67108948, 4, 84, '[0, 8400, 8400, 8400, 8400, 1, 0, 0, 0, 0, 0]', 84),
(67108949, 4, 85, '[0, 8500, 8500, 8500, 8500, 1, 0, 0, 0, 0, 0]', 85),
(67108950, 4, 86, '[0, 8600, 8600, 8600, 8600, 1, 0, 0, 0, 0, 0]', 86),
(67108951, 4, 87, '[0, 8700, 8700, 8700, 8700, 1, 0, 0, 0, 0, 0]', 87),
(67108952, 4, 88, '[0, 8800, 8800, 8800, 8800, 1, 0, 0, 0, 0, 0]', 88),
(67108953, 4, 89, '[0, 8900, 8900, 8900, 8900, 1, 0, 0, 0, 0, 0]', 89),
(67108954, 4, 90, '[0, 9000, 9000, 9000, 9000, 1, 0, 0, 0, 0, 0]', 90),
(67108955, 4, 91, '[0, 9100, 9100, 9100, 9100, 1, 0, 0, 0, 0, 0]', 91),
(67108956, 4, 92, '[0, 9200, 9200, 9200, 9200, 1, 0, 0, 0, 0, 0]', 92),
(67108957, 4, 93, '[0, 9300, 9300, 9300, 9300, 1, 0, 0, 0, 0, 0]', 93),
(67108958, 4, 94, '[0, 9400, 9400, 9400, 9400, 1, 0, 0, 0, 0, 0]', 94),
(67108959, 4, 95, '[0, 9500, 9500, 9500, 9500, 1, 0, 0, 0, 0, 0]', 95),
(67108960, 4, 96, '[0, 9600, 9600, 9600, 9600, 1, 0, 0, 0, 0, 0]', 96),
(67108961, 4, 97, '[0, 9700, 9700, 9700, 9700, 1, 0, 0, 0, 0, 0]', 97),
(67108962, 4, 98, '[0, 9800, 9800, 9800, 9800, 1, 0, 0, 0, 0, 0]', 98),
(67108963, 4, 99, '[0, 9900, 9900, 9900, 9900, 1, 0, 0, 0, 0, 0]', 99),
(67108964, 4, 100, '[0, 10000, 10000, 10000, 10000, 1, 0, 0, 0, 0, 0]', 100),
(83886081, 5, 1, '[0, 100, 100, 100, 100, 1, 0, 0, 0, 0, 0]', 1),
(83886082, 5, 2, '[0, 200, 200, 200, 200, 1, 0, 0, 0, 0, 0]', 2),
(83886083, 5, 3, '[0, 300, 300, 300, 300, 1, 0, 0, 0, 0, 0]', 3),
(83886084, 5, 4, '[0, 400, 400, 400, 400, 1, 0, 0, 0, 0, 0]', 4),
(83886085, 5, 5, '[0, 500, 500, 500, 500, 1, 0, 0, 0, 0, 0]', 5),
(83886086, 5, 6, '[0, 600, 600, 600, 600, 1, 0, 0, 0, 0, 0]', 6),
(83886087, 5, 7, '[0, 700, 700, 700, 700, 1, 0, 0, 0, 0, 0]', 7),
(83886088, 5, 8, '[0, 800, 800, 800, 800, 1, 0, 0, 0, 0, 0]', 8),
(83886089, 5, 9, '[0, 900, 900, 900, 900, 1, 0, 0, 0, 0, 0]', 9),
(83886090, 5, 10, '[0, 1000, 1000, 1000, 1000, 1, 0, 0, 0, 0, 0]', 10),
(83886091, 5, 11, '[0, 1100, 1100, 1100, 1100, 1, 0, 0, 0, 0, 0]', 11),
(83886092, 5, 12, '[0, 1200, 1200, 1200, 1200, 1, 0, 0, 0, 0, 0]', 12),
(83886093, 5, 13, '[0, 1300, 1300, 1300, 1300, 1, 0, 0, 0, 0, 0]', 13),
(83886094, 5, 14, '[0, 1400, 1400, 1400, 1400, 1, 0, 0, 0, 0, 0]', 14),
(83886095, 5, 15, '[0, 1500, 1500, 1500, 1500, 1, 0, 0, 0, 0, 0]', 15),
(83886096, 5, 16, '[0, 1600, 1600, 1600, 1600, 1, 0, 0, 0, 0, 0]', 16),
(83886097, 5, 17, '[0, 1700, 1700, 1700, 1700, 1, 0, 0, 0, 0, 0]', 17),
(83886098, 5, 18, '[0, 1800, 1800, 1800, 1800, 1, 0, 0, 0, 0, 0]', 18),
(83886099, 5, 19, '[0, 1900, 1900, 1900, 1900, 1, 0, 0, 0, 0, 0]', 19),
(83886100, 5, 20, '[0, 2000, 2000, 2000, 2000, 1, 0, 0, 0, 0, 0]', 20),
(83886101, 5, 21, '[0, 2100, 2100, 2100, 2100, 1, 0, 0, 0, 0, 0]', 21),
(83886102, 5, 22, '[0, 2200, 2200, 2200, 2200, 1, 0, 0, 0, 0, 0]', 22),
(83886103, 5, 23, '[0, 2300, 2300, 2300, 2300, 1, 0, 0, 0, 0, 0]', 23),
(83886104, 5, 24, '[0, 2400, 2400, 2400, 2400, 1, 0, 0, 0, 0, 0]', 24),
(83886105, 5, 25, '[0, 2500, 2500, 2500, 2500, 1, 0, 0, 0, 0, 0]', 25),
(83886106, 5, 26, '[0, 2600, 2600, 2600, 2600, 1, 0, 0, 0, 0, 0]', 26),
(83886107, 5, 27, '[0, 2700, 2700, 2700, 2700, 1, 0, 0, 0, 0, 0]', 27),
(83886108, 5, 28, '[0, 2800, 2800, 2800, 2800, 1, 0, 0, 0, 0, 0]', 28),
(83886109, 5, 29, '[0, 2900, 2900, 2900, 2900, 1, 0, 0, 0, 0, 0]', 29),
(83886110, 5, 30, '[0, 3000, 3000, 3000, 3000, 1, 0, 0, 0, 0, 0]', 30),
(83886111, 5, 31, '[0, 3100, 3100, 3100, 3100, 1, 0, 0, 0, 0, 0]', 31),
(83886112, 5, 32, '[0, 3200, 3200, 3200, 3200, 1, 0, 0, 0, 0, 0]', 32),
(83886113, 5, 33, '[0, 3300, 3300, 3300, 3300, 1, 0, 0, 0, 0, 0]', 33),
(83886114, 5, 34, '[0, 3400, 3400, 3400, 3400, 1, 0, 0, 0, 0, 0]', 34),
(83886115, 5, 35, '[0, 3500, 3500, 3500, 3500, 1, 0, 0, 0, 0, 0]', 35),
(83886116, 5, 36, '[0, 3600, 3600, 3600, 3600, 1, 0, 0, 0, 0, 0]', 36),
(83886117, 5, 37, '[0, 3700, 3700, 3700, 3700, 1, 0, 0, 0, 0, 0]', 37),
(83886118, 5, 38, '[0, 3800, 3800, 3800, 3800, 1, 0, 0, 0, 0, 0]', 38),
(83886119, 5, 39, '[0, 3900, 3900, 3900, 3900, 1, 0, 0, 0, 0, 0]', 39),
(83886120, 5, 40, '[0, 4000, 4000, 4000, 4000, 1, 0, 0, 0, 0, 0]', 40),
(83886121, 5, 41, '[0, 4100, 4100, 4100, 4100, 1, 0, 0, 0, 0, 0]', 41),
(83886122, 5, 42, '[0, 4200, 4200, 4200, 4200, 1, 0, 0, 0, 0, 0]', 42),
(83886123, 5, 43, '[0, 4300, 4300, 4300, 4300, 1, 0, 0, 0, 0, 0]', 43),
(83886124, 5, 44, '[0, 4400, 4400, 4400, 4400, 1, 0, 0, 0, 0, 0]', 44),
(83886125, 5, 45, '[0, 4500, 4500, 4500, 4500, 1, 0, 0, 0, 0, 0]', 45),
(83886126, 5, 46, '[0, 4600, 4600, 4600, 4600, 1, 0, 0, 0, 0, 0]', 46),
(83886127, 5, 47, '[0, 4700, 4700, 4700, 4700, 1, 0, 0, 0, 0, 0]', 47),
(83886128, 5, 48, '[0, 4800, 4800, 4800, 4800, 1, 0, 0, 0, 0, 0]', 48),
(83886129, 5, 49, '[0, 4900, 4900, 4900, 4900, 1, 0, 0, 0, 0, 0]', 49),
(83886130, 5, 50, '[0, 5000, 5000, 5000, 5000, 1, 0, 0, 0, 0, 0]', 50),
(83886131, 5, 51, '[0, 5100, 5100, 5100, 5100, 1, 0, 0, 0, 0, 0]', 51),
(83886132, 5, 52, '[0, 5200, 5200, 5200, 5200, 1, 0, 0, 0, 0, 0]', 52),
(83886133, 5, 53, '[0, 5300, 5300, 5300, 5300, 1, 0, 0, 0, 0, 0]', 53),
(83886134, 5, 54, '[0, 5400, 5400, 5400, 5400, 1, 0, 0, 0, 0, 0]', 54),
(83886135, 5, 55, '[0, 5500, 5500, 5500, 5500, 1, 0, 0, 0, 0, 0]', 55),
(83886136, 5, 56, '[0, 5600, 5600, 5600, 5600, 1, 0, 0, 0, 0, 0]', 56),
(83886137, 5, 57, '[0, 5700, 5700, 5700, 5700, 1, 0, 0, 0, 0, 0]', 57),
(83886138, 5, 58, '[0, 5800, 5800, 5800, 5800, 1, 0, 0, 0, 0, 0]', 58),
(83886139, 5, 59, '[0, 5900, 5900, 5900, 5900, 1, 0, 0, 0, 0, 0]', 59),
(83886140, 5, 60, '[0, 6000, 6000, 6000, 6000, 1, 0, 0, 0, 0, 0]', 60),
(83886141, 5, 61, '[0, 6100, 6100, 6100, 6100, 1, 0, 0, 0, 0, 0]', 61),
(83886142, 5, 62, '[0, 6200, 6200, 6200, 6200, 1, 0, 0, 0, 0, 0]', 62),
(83886143, 5, 63, '[0, 6300, 6300, 6300, 6300, 1, 0, 0, 0, 0, 0]', 63),
(83886144, 5, 64, '[0, 6400, 6400, 6400, 6400, 1, 0, 0, 0, 0, 0]', 64),
(83886145, 5, 65, '[0, 6500, 6500, 6500, 6500, 1, 0, 0, 0, 0, 0]', 65),
(83886146, 5, 66, '[0, 6600, 6600, 6600, 6600, 1, 0, 0, 0, 0, 0]', 66),
(83886147, 5, 67, '[0, 6700, 6700, 6700, 6700, 1, 0, 0, 0, 0, 0]', 67),
(83886148, 5, 68, '[0, 6800, 6800, 6800, 6800, 1, 0, 0, 0, 0, 0]', 68),
(83886149, 5, 69, '[0, 6900, 6900, 6900, 6900, 1, 0, 0, 0, 0, 0]', 69),
(83886150, 5, 70, '[0, 7000, 7000, 7000, 7000, 1, 0, 0, 0, 0, 0]', 70),
(83886151, 5, 71, '[0, 7100, 7100, 7100, 7100, 1, 0, 0, 0, 0, 0]', 71),
(83886152, 5, 72, '[0, 7200, 7200, 7200, 7200, 1, 0, 0, 0, 0, 0]', 72),
(83886153, 5, 73, '[0, 7300, 7300, 7300, 7300, 1, 0, 0, 0, 0, 0]', 73),
(83886154, 5, 74, '[0, 7400, 7400, 7400, 7400, 1, 0, 0, 0, 0, 0]', 74),
(83886155, 5, 75, '[0, 7500, 7500, 7500, 7500, 1, 0, 0, 0, 0, 0]', 75),
(83886156, 5, 76, '[0, 7600, 7600, 7600, 7600, 1, 0, 0, 0, 0, 0]', 76),
(83886157, 5, 77, '[0, 7700, 7700, 7700, 7700, 1, 0, 0, 0, 0, 0]', 77),
(83886158, 5, 78, '[0, 7800, 7800, 7800, 7800, 1, 0, 0, 0, 0, 0]', 78),
(83886159, 5, 79, '[0, 7900, 7900, 7900, 7900, 1, 0, 0, 0, 0, 0]', 79),
(83886160, 5, 80, '[0, 8000, 8000, 8000, 8000, 1, 0, 0, 0, 0, 0]', 80),
(83886161, 5, 81, '[0, 8100, 8100, 8100, 8100, 1, 0, 0, 0, 0, 0]', 81),
(83886162, 5, 82, '[0, 8200, 8200, 8200, 8200, 1, 0, 0, 0, 0, 0]', 82),
(83886163, 5, 83, '[0, 8300, 8300, 8300, 8300, 1, 0, 0, 0, 0, 0]', 83),
(83886164, 5, 84, '[0, 8400, 8400, 8400, 8400, 1, 0, 0, 0, 0, 0]', 84),
(83886165, 5, 85, '[0, 8500, 8500, 8500, 8500, 1, 0, 0, 0, 0, 0]', 85),
(83886166, 5, 86, '[0, 8600, 8600, 8600, 8600, 1, 0, 0, 0, 0, 0]', 86),
(83886167, 5, 87, '[0, 8700, 8700, 8700, 8700, 1, 0, 0, 0, 0, 0]', 87),
(83886168, 5, 88, '[0, 8800, 8800, 8800, 8800, 1, 0, 0, 0, 0, 0]', 88),
(83886169, 5, 89, '[0, 8900, 8900, 8900, 8900, 1, 0, 0, 0, 0, 0]', 89),
(83886170, 5, 90, '[0, 9000, 9000, 9000, 9000, 1, 0, 0, 0, 0, 0]', 90),
(83886171, 5, 91, '[0, 9100, 9100, 9100, 9100, 1, 0, 0, 0, 0, 0]', 91),
(83886172, 5, 92, '[0, 9200, 9200, 9200, 9200, 1, 0, 0, 0, 0, 0]', 92),
(83886173, 5, 93, '[0, 9300, 9300, 9300, 9300, 1, 0, 0, 0, 0, 0]', 93),
(83886174, 5, 94, '[0, 9400, 9400, 9400, 9400, 1, 0, 0, 0, 0, 0]', 94),
(83886175, 5, 95, '[0, 9500, 9500, 9500, 9500, 1, 0, 0, 0, 0, 0]', 95),
(83886176, 5, 96, '[0, 9600, 9600, 9600, 9600, 1, 0, 0, 0, 0, 0]', 96),
(83886177, 5, 97, '[0, 9700, 9700, 9700, 9700, 1, 0, 0, 0, 0, 0]', 97),
(83886178, 5, 98, '[0, 9800, 9800, 9800, 9800, 1, 0, 0, 0, 0, 0]', 98),
(83886179, 5, 99, '[0, 9900, 9900, 9900, 9900, 1, 0, 0, 0, 0, 0]', 99),
(83886180, 5, 100, '[0, 10000, 10000, 10000, 10000, 1, 0, 0, 0, 0, 0]', 100),
(100663297, 6, 1, '[0, 100, 100, 100, 100, 1, 0, 0, 0, 0, 0]', 1),
(100663298, 6, 2, '[0, 200, 200, 200, 200, 1, 0, 0, 0, 0, 0]', 2),
(100663299, 6, 3, '[0, 300, 300, 300, 300, 1, 0, 0, 0, 0, 0]', 3),
(100663300, 6, 4, '[0, 400, 400, 400, 400, 1, 0, 0, 0, 0, 0]', 4),
(100663301, 6, 5, '[0, 500, 500, 500, 500, 1, 0, 0, 0, 0, 0]', 5),
(100663302, 6, 6, '[0, 600, 600, 600, 600, 1, 0, 0, 0, 0, 0]', 6),
(100663303, 6, 7, '[0, 700, 700, 700, 700, 1, 0, 0, 0, 0, 0]', 7),
(100663304, 6, 8, '[0, 800, 800, 800, 800, 1, 0, 0, 0, 0, 0]', 8),
(100663305, 6, 9, '[0, 900, 900, 900, 900, 1, 0, 0, 0, 0, 0]', 9),
(100663306, 6, 10, '[0, 1000, 1000, 1000, 1000, 1, 0, 0, 0, 0, 0]', 10),
(100663307, 6, 11, '[0, 1100, 1100, 1100, 1100, 1, 0, 0, 0, 0, 0]', 11),
(100663308, 6, 12, '[0, 1200, 1200, 1200, 1200, 1, 0, 0, 0, 0, 0]', 12),
(100663309, 6, 13, '[0, 1300, 1300, 1300, 1300, 1, 0, 0, 0, 0, 0]', 13),
(100663310, 6, 14, '[0, 1400, 1400, 1400, 1400, 1, 0, 0, 0, 0, 0]', 14),
(100663311, 6, 15, '[0, 1500, 1500, 1500, 1500, 1, 0, 0, 0, 0, 0]', 15),
(100663312, 6, 16, '[0, 1600, 1600, 1600, 1600, 1, 0, 0, 0, 0, 0]', 16),
(100663313, 6, 17, '[0, 1700, 1700, 1700, 1700, 1, 0, 0, 0, 0, 0]', 17),
(100663314, 6, 18, '[0, 1800, 1800, 1800, 1800, 1, 0, 0, 0, 0, 0]', 18),
(100663315, 6, 19, '[0, 1900, 1900, 1900, 1900, 1, 0, 0, 0, 0, 0]', 19),
(100663316, 6, 20, '[0, 2000, 2000, 2000, 2000, 1, 0, 0, 0, 0, 0]', 20),
(100663317, 6, 21, '[0, 2100, 2100, 2100, 2100, 1, 0, 0, 0, 0, 0]', 21),
(100663318, 6, 22, '[0, 2200, 2200, 2200, 2200, 1, 0, 0, 0, 0, 0]', 22),
(100663319, 6, 23, '[0, 2300, 2300, 2300, 2300, 1, 0, 0, 0, 0, 0]', 23),
(100663320, 6, 24, '[0, 2400, 2400, 2400, 2400, 1, 0, 0, 0, 0, 0]', 24),
(100663321, 6, 25, '[0, 2500, 2500, 2500, 2500, 1, 0, 0, 0, 0, 0]', 25),
(100663322, 6, 26, '[0, 2600, 2600, 2600, 2600, 1, 0, 0, 0, 0, 0]', 26),
(100663323, 6, 27, '[0, 2700, 2700, 2700, 2700, 1, 0, 0, 0, 0, 0]', 27),
(100663324, 6, 28, '[0, 2800, 2800, 2800, 2800, 1, 0, 0, 0, 0, 0]', 28),
(100663325, 6, 29, '[0, 2900, 2900, 2900, 2900, 1, 0, 0, 0, 0, 0]', 29),
(100663326, 6, 30, '[0, 3000, 3000, 3000, 3000, 1, 0, 0, 0, 0, 0]', 30),
(100663327, 6, 31, '[0, 3100, 3100, 3100, 3100, 1, 0, 0, 0, 0, 0]', 31),
(100663328, 6, 32, '[0, 3200, 3200, 3200, 3200, 1, 0, 0, 0, 0, 0]', 32),
(100663329, 6, 33, '[0, 3300, 3300, 3300, 3300, 1, 0, 0, 0, 0, 0]', 33),
(100663330, 6, 34, '[0, 3400, 3400, 3400, 3400, 1, 0, 0, 0, 0, 0]', 34),
(100663331, 6, 35, '[0, 3500, 3500, 3500, 3500, 1, 0, 0, 0, 0, 0]', 35),
(100663332, 6, 36, '[0, 3600, 3600, 3600, 3600, 1, 0, 0, 0, 0, 0]', 36),
(100663333, 6, 37, '[0, 3700, 3700, 3700, 3700, 1, 0, 0, 0, 0, 0]', 37),
(100663334, 6, 38, '[0, 3800, 3800, 3800, 3800, 1, 0, 0, 0, 0, 0]', 38),
(100663335, 6, 39, '[0, 3900, 3900, 3900, 3900, 1, 0, 0, 0, 0, 0]', 39),
(100663336, 6, 40, '[0, 4000, 4000, 4000, 4000, 1, 0, 0, 0, 0, 0]', 40),
(100663337, 6, 41, '[0, 4100, 4100, 4100, 4100, 1, 0, 0, 0, 0, 0]', 41),
(100663338, 6, 42, '[0, 4200, 4200, 4200, 4200, 1, 0, 0, 0, 0, 0]', 42),
(100663339, 6, 43, '[0, 4300, 4300, 4300, 4300, 1, 0, 0, 0, 0, 0]', 43),
(100663340, 6, 44, '[0, 4400, 4400, 4400, 4400, 1, 0, 0, 0, 0, 0]', 44),
(100663341, 6, 45, '[0, 4500, 4500, 4500, 4500, 1, 0, 0, 0, 0, 0]', 45),
(100663342, 6, 46, '[0, 4600, 4600, 4600, 4600, 1, 0, 0, 0, 0, 0]', 46),
(100663343, 6, 47, '[0, 4700, 4700, 4700, 4700, 1, 0, 0, 0, 0, 0]', 47),
(100663344, 6, 48, '[0, 4800, 4800, 4800, 4800, 1, 0, 0, 0, 0, 0]', 48),
(100663345, 6, 49, '[0, 4900, 4900, 4900, 4900, 1, 0, 0, 0, 0, 0]', 49),
(100663346, 6, 50, '[0, 5000, 5000, 5000, 5000, 1, 0, 0, 0, 0, 0]', 50),
(100663347, 6, 51, '[0, 5100, 5100, 5100, 5100, 1, 0, 0, 0, 0, 0]', 51),
(100663348, 6, 52, '[0, 5200, 5200, 5200, 5200, 1, 0, 0, 0, 0, 0]', 52),
(100663349, 6, 53, '[0, 5300, 5300, 5300, 5300, 1, 0, 0, 0, 0, 0]', 53),
(100663350, 6, 54, '[0, 5400, 5400, 5400, 5400, 1, 0, 0, 0, 0, 0]', 54),
(100663351, 6, 55, '[0, 5500, 5500, 5500, 5500, 1, 0, 0, 0, 0, 0]', 55),
(100663352, 6, 56, '[0, 5600, 5600, 5600, 5600, 1, 0, 0, 0, 0, 0]', 56),
(100663353, 6, 57, '[0, 5700, 5700, 5700, 5700, 1, 0, 0, 0, 0, 0]', 57),
(100663354, 6, 58, '[0, 5800, 5800, 5800, 5800, 1, 0, 0, 0, 0, 0]', 58),
(100663355, 6, 59, '[0, 5900, 5900, 5900, 5900, 1, 0, 0, 0, 0, 0]', 59),
(100663356, 6, 60, '[0, 6000, 6000, 6000, 6000, 1, 0, 0, 0, 0, 0]', 60),
(100663357, 6, 61, '[0, 6100, 6100, 6100, 6100, 1, 0, 0, 0, 0, 0]', 61),
(100663358, 6, 62, '[0, 6200, 6200, 6200, 6200, 1, 0, 0, 0, 0, 0]', 62),
(100663359, 6, 63, '[0, 6300, 6300, 6300, 6300, 1, 0, 0, 0, 0, 0]', 63),
(100663360, 6, 64, '[0, 6400, 6400, 6400, 6400, 1, 0, 0, 0, 0, 0]', 64),
(100663361, 6, 65, '[0, 6500, 6500, 6500, 6500, 1, 0, 0, 0, 0, 0]', 65),
(100663362, 6, 66, '[0, 6600, 6600, 6600, 6600, 1, 0, 0, 0, 0, 0]', 66),
(100663363, 6, 67, '[0, 6700, 6700, 6700, 6700, 1, 0, 0, 0, 0, 0]', 67),
(100663364, 6, 68, '[0, 6800, 6800, 6800, 6800, 1, 0, 0, 0, 0, 0]', 68),
(100663365, 6, 69, '[0, 6900, 6900, 6900, 6900, 1, 0, 0, 0, 0, 0]', 69),
(100663366, 6, 70, '[0, 7000, 7000, 7000, 7000, 1, 0, 0, 0, 0, 0]', 70),
(100663367, 6, 71, '[0, 7100, 7100, 7100, 7100, 1, 0, 0, 0, 0, 0]', 71),
(100663368, 6, 72, '[0, 7200, 7200, 7200, 7200, 1, 0, 0, 0, 0, 0]', 72),
(100663369, 6, 73, '[0, 7300, 7300, 7300, 7300, 1, 0, 0, 0, 0, 0]', 73),
(100663370, 6, 74, '[0, 7400, 7400, 7400, 7400, 1, 0, 0, 0, 0, 0]', 74),
(100663371, 6, 75, '[0, 7500, 7500, 7500, 7500, 1, 0, 0, 0, 0, 0]', 75),
(100663372, 6, 76, '[0, 7600, 7600, 7600, 7600, 1, 0, 0, 0, 0, 0]', 76),
(100663373, 6, 77, '[0, 7700, 7700, 7700, 7700, 1, 0, 0, 0, 0, 0]', 77),
(100663374, 6, 78, '[0, 7800, 7800, 7800, 7800, 1, 0, 0, 0, 0, 0]', 78),
(100663375, 6, 79, '[0, 7900, 7900, 7900, 7900, 1, 0, 0, 0, 0, 0]', 79),
(100663376, 6, 80, '[0, 8000, 8000, 8000, 8000, 1, 0, 0, 0, 0, 0]', 80),
(100663377, 6, 81, '[0, 8100, 8100, 8100, 8100, 1, 0, 0, 0, 0, 0]', 81),
(100663378, 6, 82, '[0, 8200, 8200, 8200, 8200, 1, 0, 0, 0, 0, 0]', 82),
(100663379, 6, 83, '[0, 8300, 8300, 8300, 8300, 1, 0, 0, 0, 0, 0]', 83),
(100663380, 6, 84, '[0, 8400, 8400, 8400, 8400, 1, 0, 0, 0, 0, 0]', 84),
(100663381, 6, 85, '[0, 8500, 8500, 8500, 8500, 1, 0, 0, 0, 0, 0]', 85),
(100663382, 6, 86, '[0, 8600, 8600, 8600, 8600, 1, 0, 0, 0, 0, 0]', 86),
(100663383, 6, 87, '[0, 8700, 8700, 8700, 8700, 1, 0, 0, 0, 0, 0]', 87),
(100663384, 6, 88, '[0, 8800, 8800, 8800, 8800, 1, 0, 0, 0, 0, 0]', 88),
(100663385, 6, 89, '[0, 8900, 8900, 8900, 8900, 1, 0, 0, 0, 0, 0]', 89),
(100663386, 6, 90, '[0, 9000, 9000, 9000, 9000, 1, 0, 0, 0, 0, 0]', 90),
(100663387, 6, 91, '[0, 9100, 9100, 9100, 9100, 1, 0, 0, 0, 0, 0]', 91),
(100663388, 6, 92, '[0, 9200, 9200, 9200, 9200, 1, 0, 0, 0, 0, 0]', 92),
(100663389, 6, 93, '[0, 9300, 9300, 9300, 9300, 1, 0, 0, 0, 0, 0]', 93),
(100663390, 6, 94, '[0, 9400, 9400, 9400, 9400, 1, 0, 0, 0, 0, 0]', 94),
(100663391, 6, 95, '[0, 9500, 9500, 9500, 9500, 1, 0, 0, 0, 0, 0]', 95),
(100663392, 6, 96, '[0, 9600, 9600, 9600, 9600, 1, 0, 0, 0, 0, 0]', 96),
(100663393, 6, 97, '[0, 9700, 9700, 9700, 9700, 1, 0, 0, 0, 0, 0]', 97),
(100663394, 6, 98, '[0, 9800, 9800, 9800, 9800, 1, 0, 0, 0, 0, 0]', 98),
(100663395, 6, 99, '[0, 9900, 9900, 9900, 9900, 1, 0, 0, 0, 0, 0]', 99),
(100663396, 6, 100, '[0, 10000, 10000, 10000, 10000, 1, 0, 0, 0, 0, 0]', 100),
(117440513, 7, 1, '[0, 100, 100, 100, 100, 1, 0, 0, 0, 0, 0]', 1),
(117440514, 7, 2, '[0, 200, 200, 200, 200, 1, 0, 0, 0, 0, 0]', 2),
(117440515, 7, 3, '[0, 300, 300, 300, 300, 1, 0, 0, 0, 0, 0]', 3),
(117440516, 7, 4, '[0, 400, 400, 400, 400, 1, 0, 0, 0, 0, 0]', 4),
(117440517, 7, 5, '[0, 500, 500, 500, 500, 1, 0, 0, 0, 0, 0]', 5),
(117440518, 7, 6, '[0, 600, 600, 600, 600, 1, 0, 0, 0, 0, 0]', 6),
(117440519, 7, 7, '[0, 700, 700, 700, 700, 1, 0, 0, 0, 0, 0]', 7),
(117440520, 7, 8, '[0, 800, 800, 800, 800, 1, 0, 0, 0, 0, 0]', 8),
(117440521, 7, 9, '[0, 900, 900, 900, 900, 1, 0, 0, 0, 0, 0]', 9),
(117440522, 7, 10, '[0, 1000, 1000, 1000, 1000, 1, 0, 0, 0, 0, 0]', 10),
(117440523, 7, 11, '[0, 1100, 1100, 1100, 1100, 1, 0, 0, 0, 0, 0]', 11),
(117440524, 7, 12, '[0, 1200, 1200, 1200, 1200, 1, 0, 0, 0, 0, 0]', 12),
(117440525, 7, 13, '[0, 1300, 1300, 1300, 1300, 1, 0, 0, 0, 0, 0]', 13),
(117440526, 7, 14, '[0, 1400, 1400, 1400, 1400, 1, 0, 0, 0, 0, 0]', 14),
(117440527, 7, 15, '[0, 1500, 1500, 1500, 1500, 1, 0, 0, 0, 0, 0]', 15),
(117440528, 7, 16, '[0, 1600, 1600, 1600, 1600, 1, 0, 0, 0, 0, 0]', 16),
(117440529, 7, 17, '[0, 1700, 1700, 1700, 1700, 1, 0, 0, 0, 0, 0]', 17),
(117440530, 7, 18, '[0, 1800, 1800, 1800, 1800, 1, 0, 0, 0, 0, 0]', 18),
(117440531, 7, 19, '[0, 1900, 1900, 1900, 1900, 1, 0, 0, 0, 0, 0]', 19),
(117440532, 7, 20, '[0, 2000, 2000, 2000, 2000, 1, 0, 0, 0, 0, 0]', 20),
(117440533, 7, 21, '[0, 2100, 2100, 2100, 2100, 1, 0, 0, 0, 0, 0]', 21),
(117440534, 7, 22, '[0, 2200, 2200, 2200, 2200, 1, 0, 0, 0, 0, 0]', 22),
(117440535, 7, 23, '[0, 2300, 2300, 2300, 2300, 1, 0, 0, 0, 0, 0]', 23),
(117440536, 7, 24, '[0, 2400, 2400, 2400, 2400, 1, 0, 0, 0, 0, 0]', 24),
(117440537, 7, 25, '[0, 2500, 2500, 2500, 2500, 1, 0, 0, 0, 0, 0]', 25);
INSERT INTO `creature_attribute` (`Id`, `elite`, `level`, `attrs`, `damageFactor`) VALUES
(117440538, 7, 26, '[0, 2600, 2600, 2600, 2600, 1, 0, 0, 0, 0, 0]', 26),
(117440539, 7, 27, '[0, 2700, 2700, 2700, 2700, 1, 0, 0, 0, 0, 0]', 27),
(117440540, 7, 28, '[0, 2800, 2800, 2800, 2800, 1, 0, 0, 0, 0, 0]', 28),
(117440541, 7, 29, '[0, 2900, 2900, 2900, 2900, 1, 0, 0, 0, 0, 0]', 29),
(117440542, 7, 30, '[0, 3000, 3000, 3000, 3000, 1, 0, 0, 0, 0, 0]', 30),
(117440543, 7, 31, '[0, 3100, 3100, 3100, 3100, 1, 0, 0, 0, 0, 0]', 31),
(117440544, 7, 32, '[0, 3200, 3200, 3200, 3200, 1, 0, 0, 0, 0, 0]', 32),
(117440545, 7, 33, '[0, 3300, 3300, 3300, 3300, 1, 0, 0, 0, 0, 0]', 33),
(117440546, 7, 34, '[0, 3400, 3400, 3400, 3400, 1, 0, 0, 0, 0, 0]', 34),
(117440547, 7, 35, '[0, 3500, 3500, 3500, 3500, 1, 0, 0, 0, 0, 0]', 35),
(117440548, 7, 36, '[0, 3600, 3600, 3600, 3600, 1, 0, 0, 0, 0, 0]', 36),
(117440549, 7, 37, '[0, 3700, 3700, 3700, 3700, 1, 0, 0, 0, 0, 0]', 37),
(117440550, 7, 38, '[0, 3800, 3800, 3800, 3800, 1, 0, 0, 0, 0, 0]', 38),
(117440551, 7, 39, '[0, 3900, 3900, 3900, 3900, 1, 0, 0, 0, 0, 0]', 39),
(117440552, 7, 40, '[0, 4000, 4000, 4000, 4000, 1, 0, 0, 0, 0, 0]', 40),
(117440553, 7, 41, '[0, 4100, 4100, 4100, 4100, 1, 0, 0, 0, 0, 0]', 41),
(117440554, 7, 42, '[0, 4200, 4200, 4200, 4200, 1, 0, 0, 0, 0, 0]', 42),
(117440555, 7, 43, '[0, 4300, 4300, 4300, 4300, 1, 0, 0, 0, 0, 0]', 43),
(117440556, 7, 44, '[0, 4400, 4400, 4400, 4400, 1, 0, 0, 0, 0, 0]', 44),
(117440557, 7, 45, '[0, 4500, 4500, 4500, 4500, 1, 0, 0, 0, 0, 0]', 45),
(117440558, 7, 46, '[0, 4600, 4600, 4600, 4600, 1, 0, 0, 0, 0, 0]', 46),
(117440559, 7, 47, '[0, 4700, 4700, 4700, 4700, 1, 0, 0, 0, 0, 0]', 47),
(117440560, 7, 48, '[0, 4800, 4800, 4800, 4800, 1, 0, 0, 0, 0, 0]', 48),
(117440561, 7, 49, '[0, 4900, 4900, 4900, 4900, 1, 0, 0, 0, 0, 0]', 49),
(117440562, 7, 50, '[0, 5000, 5000, 5000, 5000, 1, 0, 0, 0, 0, 0]', 50),
(117440563, 7, 51, '[0, 5100, 5100, 5100, 5100, 1, 0, 0, 0, 0, 0]', 51),
(117440564, 7, 52, '[0, 5200, 5200, 5200, 5200, 1, 0, 0, 0, 0, 0]', 52),
(117440565, 7, 53, '[0, 5300, 5300, 5300, 5300, 1, 0, 0, 0, 0, 0]', 53),
(117440566, 7, 54, '[0, 5400, 5400, 5400, 5400, 1, 0, 0, 0, 0, 0]', 54),
(117440567, 7, 55, '[0, 5500, 5500, 5500, 5500, 1, 0, 0, 0, 0, 0]', 55),
(117440568, 7, 56, '[0, 5600, 5600, 5600, 5600, 1, 0, 0, 0, 0, 0]', 56),
(117440569, 7, 57, '[0, 5700, 5700, 5700, 5700, 1, 0, 0, 0, 0, 0]', 57),
(117440570, 7, 58, '[0, 5800, 5800, 5800, 5800, 1, 0, 0, 0, 0, 0]', 58),
(117440571, 7, 59, '[0, 5900, 5900, 5900, 5900, 1, 0, 0, 0, 0, 0]', 59),
(117440572, 7, 60, '[0, 6000, 6000, 6000, 6000, 1, 0, 0, 0, 0, 0]', 60),
(117440573, 7, 61, '[0, 6100, 6100, 6100, 6100, 1, 0, 0, 0, 0, 0]', 61),
(117440574, 7, 62, '[0, 6200, 6200, 6200, 6200, 1, 0, 0, 0, 0, 0]', 62),
(117440575, 7, 63, '[0, 6300, 6300, 6300, 6300, 1, 0, 0, 0, 0, 0]', 63),
(117440576, 7, 64, '[0, 6400, 6400, 6400, 6400, 1, 0, 0, 0, 0, 0]', 64),
(117440577, 7, 65, '[0, 6500, 6500, 6500, 6500, 1, 0, 0, 0, 0, 0]', 65),
(117440578, 7, 66, '[0, 6600, 6600, 6600, 6600, 1, 0, 0, 0, 0, 0]', 66),
(117440579, 7, 67, '[0, 6700, 6700, 6700, 6700, 1, 0, 0, 0, 0, 0]', 67),
(117440580, 7, 68, '[0, 6800, 6800, 6800, 6800, 1, 0, 0, 0, 0, 0]', 68),
(117440581, 7, 69, '[0, 6900, 6900, 6900, 6900, 1, 0, 0, 0, 0, 0]', 69),
(117440582, 7, 70, '[0, 7000, 7000, 7000, 7000, 1, 0, 0, 0, 0, 0]', 70),
(117440583, 7, 71, '[0, 7100, 7100, 7100, 7100, 1, 0, 0, 0, 0, 0]', 71),
(117440584, 7, 72, '[0, 7200, 7200, 7200, 7200, 1, 0, 0, 0, 0, 0]', 72),
(117440585, 7, 73, '[0, 7300, 7300, 7300, 7300, 1, 0, 0, 0, 0, 0]', 73),
(117440586, 7, 74, '[0, 7400, 7400, 7400, 7400, 1, 0, 0, 0, 0, 0]', 74),
(117440587, 7, 75, '[0, 7500, 7500, 7500, 7500, 1, 0, 0, 0, 0, 0]', 75),
(117440588, 7, 76, '[0, 7600, 7600, 7600, 7600, 1, 0, 0, 0, 0, 0]', 76),
(117440589, 7, 77, '[0, 7700, 7700, 7700, 7700, 1, 0, 0, 0, 0, 0]', 77),
(117440590, 7, 78, '[0, 7800, 7800, 7800, 7800, 1, 0, 0, 0, 0, 0]', 78),
(117440591, 7, 79, '[0, 7900, 7900, 7900, 7900, 1, 0, 0, 0, 0, 0]', 79),
(117440592, 7, 80, '[0, 8000, 8000, 8000, 8000, 1, 0, 0, 0, 0, 0]', 80),
(117440593, 7, 81, '[0, 8100, 8100, 8100, 8100, 1, 0, 0, 0, 0, 0]', 81),
(117440594, 7, 82, '[0, 8200, 8200, 8200, 8200, 1, 0, 0, 0, 0, 0]', 82),
(117440595, 7, 83, '[0, 8300, 8300, 8300, 8300, 1, 0, 0, 0, 0, 0]', 83),
(117440596, 7, 84, '[0, 8400, 8400, 8400, 8400, 1, 0, 0, 0, 0, 0]', 84),
(117440597, 7, 85, '[0, 8500, 8500, 8500, 8500, 1, 0, 0, 0, 0, 0]', 85),
(117440598, 7, 86, '[0, 8600, 8600, 8600, 8600, 1, 0, 0, 0, 0, 0]', 86),
(117440599, 7, 87, '[0, 8700, 8700, 8700, 8700, 1, 0, 0, 0, 0, 0]', 87),
(117440600, 7, 88, '[0, 8800, 8800, 8800, 8800, 1, 0, 0, 0, 0, 0]', 88),
(117440601, 7, 89, '[0, 8900, 8900, 8900, 8900, 1, 0, 0, 0, 0, 0]', 89),
(117440602, 7, 90, '[0, 9000, 9000, 9000, 9000, 1, 0, 0, 0, 0, 0]', 90),
(117440603, 7, 91, '[0, 9100, 9100, 9100, 9100, 1, 0, 0, 0, 0, 0]', 91),
(117440604, 7, 92, '[0, 9200, 9200, 9200, 9200, 1, 0, 0, 0, 0, 0]', 92),
(117440605, 7, 93, '[0, 9300, 9300, 9300, 9300, 1, 0, 0, 0, 0, 0]', 93),
(117440606, 7, 94, '[0, 9400, 9400, 9400, 9400, 1, 0, 0, 0, 0, 0]', 94),
(117440607, 7, 95, '[0, 9500, 9500, 9500, 9500, 1, 0, 0, 0, 0, 0]', 95),
(117440608, 7, 96, '[0, 9600, 9600, 9600, 9600, 1, 0, 0, 0, 0, 0]', 96),
(117440609, 7, 97, '[0, 9700, 9700, 9700, 9700, 1, 0, 0, 0, 0, 0]', 97),
(117440610, 7, 98, '[0, 9800, 9800, 9800, 9800, 1, 0, 0, 0, 0, 0]', 98),
(117440611, 7, 99, '[0, 9900, 9900, 9900, 9900, 1, 0, 0, 0, 0, 0]', 99),
(117440612, 7, 100, '[0, 10000, 10000, 10000, 10000, 1, 0, 0, 0, 0, 0]', 100),
(134217729, 8, 1, '[0, 100, 100, 100, 100, 1, 0, 0, 0, 0, 0]', 1),
(134217730, 8, 2, '[0, 200, 200, 200, 200, 1, 0, 0, 0, 0, 0]', 2),
(134217731, 8, 3, '[0, 300, 300, 300, 300, 1, 0, 0, 0, 0, 0]', 3),
(134217732, 8, 4, '[0, 400, 400, 400, 400, 1, 0, 0, 0, 0, 0]', 4),
(134217733, 8, 5, '[0, 500, 500, 500, 500, 1, 0, 0, 0, 0, 0]', 5),
(134217734, 8, 6, '[0, 600, 600, 600, 600, 1, 0, 0, 0, 0, 0]', 6),
(134217735, 8, 7, '[0, 700, 700, 700, 700, 1, 0, 0, 0, 0, 0]', 7),
(134217736, 8, 8, '[0, 800, 800, 800, 800, 1, 0, 0, 0, 0, 0]', 8),
(134217737, 8, 9, '[0, 900, 900, 900, 900, 1, 0, 0, 0, 0, 0]', 9),
(134217738, 8, 10, '[0, 1000, 1000, 1000, 1000, 1, 0, 0, 0, 0, 0]', 10),
(134217739, 8, 11, '[0, 1100, 1100, 1100, 1100, 1, 0, 0, 0, 0, 0]', 11),
(134217740, 8, 12, '[0, 1200, 1200, 1200, 1200, 1, 0, 0, 0, 0, 0]', 12),
(134217741, 8, 13, '[0, 1300, 1300, 1300, 1300, 1, 0, 0, 0, 0, 0]', 13),
(134217742, 8, 14, '[0, 1400, 1400, 1400, 1400, 1, 0, 0, 0, 0, 0]', 14),
(134217743, 8, 15, '[0, 1500, 1500, 1500, 1500, 1, 0, 0, 0, 0, 0]', 15),
(134217744, 8, 16, '[0, 1600, 1600, 1600, 1600, 1, 0, 0, 0, 0, 0]', 16),
(134217745, 8, 17, '[0, 1700, 1700, 1700, 1700, 1, 0, 0, 0, 0, 0]', 17),
(134217746, 8, 18, '[0, 1800, 1800, 1800, 1800, 1, 0, 0, 0, 0, 0]', 18),
(134217747, 8, 19, '[0, 1900, 1900, 1900, 1900, 1, 0, 0, 0, 0, 0]', 19),
(134217748, 8, 20, '[0, 2000, 2000, 2000, 2000, 1, 0, 0, 0, 0, 0]', 20),
(134217749, 8, 21, '[0, 2100, 2100, 2100, 2100, 1, 0, 0, 0, 0, 0]', 21),
(134217750, 8, 22, '[0, 2200, 2200, 2200, 2200, 1, 0, 0, 0, 0, 0]', 22),
(134217751, 8, 23, '[0, 2300, 2300, 2300, 2300, 1, 0, 0, 0, 0, 0]', 23),
(134217752, 8, 24, '[0, 2400, 2400, 2400, 2400, 1, 0, 0, 0, 0, 0]', 24),
(134217753, 8, 25, '[0, 2500, 2500, 2500, 2500, 1, 0, 0, 0, 0, 0]', 25),
(134217754, 8, 26, '[0, 2600, 2600, 2600, 2600, 1, 0, 0, 0, 0, 0]', 26),
(134217755, 8, 27, '[0, 2700, 2700, 2700, 2700, 1, 0, 0, 0, 0, 0]', 27),
(134217756, 8, 28, '[0, 2800, 2800, 2800, 2800, 1, 0, 0, 0, 0, 0]', 28),
(134217757, 8, 29, '[0, 2900, 2900, 2900, 2900, 1, 0, 0, 0, 0, 0]', 29),
(134217758, 8, 30, '[0, 3000, 3000, 3000, 3000, 1, 0, 0, 0, 0, 0]', 30),
(134217759, 8, 31, '[0, 3100, 3100, 3100, 3100, 1, 0, 0, 0, 0, 0]', 31),
(134217760, 8, 32, '[0, 3200, 3200, 3200, 3200, 1, 0, 0, 0, 0, 0]', 32),
(134217761, 8, 33, '[0, 3300, 3300, 3300, 3300, 1, 0, 0, 0, 0, 0]', 33),
(134217762, 8, 34, '[0, 3400, 3400, 3400, 3400, 1, 0, 0, 0, 0, 0]', 34),
(134217763, 8, 35, '[0, 3500, 3500, 3500, 3500, 1, 0, 0, 0, 0, 0]', 35),
(134217764, 8, 36, '[0, 3600, 3600, 3600, 3600, 1, 0, 0, 0, 0, 0]', 36),
(134217765, 8, 37, '[0, 3700, 3700, 3700, 3700, 1, 0, 0, 0, 0, 0]', 37),
(134217766, 8, 38, '[0, 3800, 3800, 3800, 3800, 1, 0, 0, 0, 0, 0]', 38),
(134217767, 8, 39, '[0, 3900, 3900, 3900, 3900, 1, 0, 0, 0, 0, 0]', 39),
(134217768, 8, 40, '[0, 4000, 4000, 4000, 4000, 1, 0, 0, 0, 0, 0]', 40),
(134217769, 8, 41, '[0, 4100, 4100, 4100, 4100, 1, 0, 0, 0, 0, 0]', 41),
(134217770, 8, 42, '[0, 4200, 4200, 4200, 4200, 1, 0, 0, 0, 0, 0]', 42),
(134217771, 8, 43, '[0, 4300, 4300, 4300, 4300, 1, 0, 0, 0, 0, 0]', 43),
(134217772, 8, 44, '[0, 4400, 4400, 4400, 4400, 1, 0, 0, 0, 0, 0]', 44),
(134217773, 8, 45, '[0, 4500, 4500, 4500, 4500, 1, 0, 0, 0, 0, 0]', 45),
(134217774, 8, 46, '[0, 4600, 4600, 4600, 4600, 1, 0, 0, 0, 0, 0]', 46),
(134217775, 8, 47, '[0, 4700, 4700, 4700, 4700, 1, 0, 0, 0, 0, 0]', 47),
(134217776, 8, 48, '[0, 4800, 4800, 4800, 4800, 1, 0, 0, 0, 0, 0]', 48),
(134217777, 8, 49, '[0, 4900, 4900, 4900, 4900, 1, 0, 0, 0, 0, 0]', 49),
(134217778, 8, 50, '[0, 5000, 5000, 5000, 5000, 1, 0, 0, 0, 0, 0]', 50),
(134217779, 8, 51, '[0, 5100, 5100, 5100, 5100, 1, 0, 0, 0, 0, 0]', 51),
(134217780, 8, 52, '[0, 5200, 5200, 5200, 5200, 1, 0, 0, 0, 0, 0]', 52),
(134217781, 8, 53, '[0, 5300, 5300, 5300, 5300, 1, 0, 0, 0, 0, 0]', 53),
(134217782, 8, 54, '[0, 5400, 5400, 5400, 5400, 1, 0, 0, 0, 0, 0]', 54),
(134217783, 8, 55, '[0, 5500, 5500, 5500, 5500, 1, 0, 0, 0, 0, 0]', 55),
(134217784, 8, 56, '[0, 5600, 5600, 5600, 5600, 1, 0, 0, 0, 0, 0]', 56),
(134217785, 8, 57, '[0, 5700, 5700, 5700, 5700, 1, 0, 0, 0, 0, 0]', 57),
(134217786, 8, 58, '[0, 5800, 5800, 5800, 5800, 1, 0, 0, 0, 0, 0]', 58),
(134217787, 8, 59, '[0, 5900, 5900, 5900, 5900, 1, 0, 0, 0, 0, 0]', 59),
(134217788, 8, 60, '[0, 6000, 6000, 6000, 6000, 1, 0, 0, 0, 0, 0]', 60),
(134217789, 8, 61, '[0, 6100, 6100, 6100, 6100, 1, 0, 0, 0, 0, 0]', 61),
(134217790, 8, 62, '[0, 6200, 6200, 6200, 6200, 1, 0, 0, 0, 0, 0]', 62),
(134217791, 8, 63, '[0, 6300, 6300, 6300, 6300, 1, 0, 0, 0, 0, 0]', 63),
(134217792, 8, 64, '[0, 6400, 6400, 6400, 6400, 1, 0, 0, 0, 0, 0]', 64),
(134217793, 8, 65, '[0, 6500, 6500, 6500, 6500, 1, 0, 0, 0, 0, 0]', 65),
(134217794, 8, 66, '[0, 6600, 6600, 6600, 6600, 1, 0, 0, 0, 0, 0]', 66),
(134217795, 8, 67, '[0, 6700, 6700, 6700, 6700, 1, 0, 0, 0, 0, 0]', 67),
(134217796, 8, 68, '[0, 6800, 6800, 6800, 6800, 1, 0, 0, 0, 0, 0]', 68),
(134217797, 8, 69, '[0, 6900, 6900, 6900, 6900, 1, 0, 0, 0, 0, 0]', 69),
(134217798, 8, 70, '[0, 7000, 7000, 7000, 7000, 1, 0, 0, 0, 0, 0]', 70),
(134217799, 8, 71, '[0, 7100, 7100, 7100, 7100, 1, 0, 0, 0, 0, 0]', 71),
(134217800, 8, 72, '[0, 7200, 7200, 7200, 7200, 1, 0, 0, 0, 0, 0]', 72),
(134217801, 8, 73, '[0, 7300, 7300, 7300, 7300, 1, 0, 0, 0, 0, 0]', 73),
(134217802, 8, 74, '[0, 7400, 7400, 7400, 7400, 1, 0, 0, 0, 0, 0]', 74),
(134217803, 8, 75, '[0, 7500, 7500, 7500, 7500, 1, 0, 0, 0, 0, 0]', 75),
(134217804, 8, 76, '[0, 7600, 7600, 7600, 7600, 1, 0, 0, 0, 0, 0]', 76),
(134217805, 8, 77, '[0, 7700, 7700, 7700, 7700, 1, 0, 0, 0, 0, 0]', 77),
(134217806, 8, 78, '[0, 7800, 7800, 7800, 7800, 1, 0, 0, 0, 0, 0]', 78),
(134217807, 8, 79, '[0, 7900, 7900, 7900, 7900, 1, 0, 0, 0, 0, 0]', 79),
(134217808, 8, 80, '[0, 8000, 8000, 8000, 8000, 1, 0, 0, 0, 0, 0]', 80),
(134217809, 8, 81, '[0, 8100, 8100, 8100, 8100, 1, 0, 0, 0, 0, 0]', 81),
(134217810, 8, 82, '[0, 8200, 8200, 8200, 8200, 1, 0, 0, 0, 0, 0]', 82),
(134217811, 8, 83, '[0, 8300, 8300, 8300, 8300, 1, 0, 0, 0, 0, 0]', 83),
(134217812, 8, 84, '[0, 8400, 8400, 8400, 8400, 1, 0, 0, 0, 0, 0]', 84),
(134217813, 8, 85, '[0, 8500, 8500, 8500, 8500, 1, 0, 0, 0, 0, 0]', 85),
(134217814, 8, 86, '[0, 8600, 8600, 8600, 8600, 1, 0, 0, 0, 0, 0]', 86),
(134217815, 8, 87, '[0, 8700, 8700, 8700, 8700, 1, 0, 0, 0, 0, 0]', 87),
(134217816, 8, 88, '[0, 8800, 8800, 8800, 8800, 1, 0, 0, 0, 0, 0]', 88),
(134217817, 8, 89, '[0, 8900, 8900, 8900, 8900, 1, 0, 0, 0, 0, 0]', 89),
(134217818, 8, 90, '[0, 9000, 9000, 9000, 9000, 1, 0, 0, 0, 0, 0]', 90),
(134217819, 8, 91, '[0, 9100, 9100, 9100, 9100, 1, 0, 0, 0, 0, 0]', 91),
(134217820, 8, 92, '[0, 9200, 9200, 9200, 9200, 1, 0, 0, 0, 0, 0]', 92),
(134217821, 8, 93, '[0, 9300, 9300, 9300, 9300, 1, 0, 0, 0, 0, 0]', 93),
(134217822, 8, 94, '[0, 9400, 9400, 9400, 9400, 1, 0, 0, 0, 0, 0]', 94),
(134217823, 8, 95, '[0, 9500, 9500, 9500, 9500, 1, 0, 0, 0, 0, 0]', 95),
(134217824, 8, 96, '[0, 9600, 9600, 9600, 9600, 1, 0, 0, 0, 0, 0]', 96),
(134217825, 8, 97, '[0, 9700, 9700, 9700, 9700, 1, 0, 0, 0, 0, 0]', 97),
(134217826, 8, 98, '[0, 9800, 9800, 9800, 9800, 1, 0, 0, 0, 0, 0]', 98),
(134217827, 8, 99, '[0, 9900, 9900, 9900, 9900, 1, 0, 0, 0, 0, 0]', 99),
(134217828, 8, 100, '[0, 10000, 10000, 10000, 10000, 1, 0, 0, 0, 0, 0]', 100),
(150994945, 9, 1, '[0, 100, 100, 100, 100, 1, 0, 0, 0, 0, 0]', 1),
(150994946, 9, 2, '[0, 200, 200, 200, 200, 1, 0, 0, 0, 0, 0]', 2),
(150994947, 9, 3, '[0, 300, 300, 300, 300, 1, 0, 0, 0, 0, 0]', 3),
(150994948, 9, 4, '[0, 400, 400, 400, 400, 1, 0, 0, 0, 0, 0]', 4),
(150994949, 9, 5, '[0, 500, 500, 500, 500, 1, 0, 0, 0, 0, 0]', 5),
(150994950, 9, 6, '[0, 600, 600, 600, 600, 1, 0, 0, 0, 0, 0]', 6),
(150994951, 9, 7, '[0, 700, 700, 700, 700, 1, 0, 0, 0, 0, 0]', 7),
(150994952, 9, 8, '[0, 800, 800, 800, 800, 1, 0, 0, 0, 0, 0]', 8),
(150994953, 9, 9, '[0, 900, 900, 900, 900, 1, 0, 0, 0, 0, 0]', 9),
(150994954, 9, 10, '[0, 1000, 1000, 1000, 1000, 1, 0, 0, 0, 0, 0]', 10),
(150994955, 9, 11, '[0, 1100, 1100, 1100, 1100, 1, 0, 0, 0, 0, 0]', 11),
(150994956, 9, 12, '[0, 1200, 1200, 1200, 1200, 1, 0, 0, 0, 0, 0]', 12),
(150994957, 9, 13, '[0, 1300, 1300, 1300, 1300, 1, 0, 0, 0, 0, 0]', 13),
(150994958, 9, 14, '[0, 1400, 1400, 1400, 1400, 1, 0, 0, 0, 0, 0]', 14),
(150994959, 9, 15, '[0, 1500, 1500, 1500, 1500, 1, 0, 0, 0, 0, 0]', 15),
(150994960, 9, 16, '[0, 1600, 1600, 1600, 1600, 1, 0, 0, 0, 0, 0]', 16),
(150994961, 9, 17, '[0, 1700, 1700, 1700, 1700, 1, 0, 0, 0, 0, 0]', 17),
(150994962, 9, 18, '[0, 1800, 1800, 1800, 1800, 1, 0, 0, 0, 0, 0]', 18),
(150994963, 9, 19, '[0, 1900, 1900, 1900, 1900, 1, 0, 0, 0, 0, 0]', 19),
(150994964, 9, 20, '[0, 2000, 2000, 2000, 2000, 1, 0, 0, 0, 0, 0]', 20),
(150994965, 9, 21, '[0, 2100, 2100, 2100, 2100, 1, 0, 0, 0, 0, 0]', 21),
(150994966, 9, 22, '[0, 2200, 2200, 2200, 2200, 1, 0, 0, 0, 0, 0]', 22),
(150994967, 9, 23, '[0, 2300, 2300, 2300, 2300, 1, 0, 0, 0, 0, 0]', 23),
(150994968, 9, 24, '[0, 2400, 2400, 2400, 2400, 1, 0, 0, 0, 0, 0]', 24),
(150994969, 9, 25, '[0, 2500, 2500, 2500, 2500, 1, 0, 0, 0, 0, 0]', 25),
(150994970, 9, 26, '[0, 2600, 2600, 2600, 2600, 1, 0, 0, 0, 0, 0]', 26),
(150994971, 9, 27, '[0, 2700, 2700, 2700, 2700, 1, 0, 0, 0, 0, 0]', 27),
(150994972, 9, 28, '[0, 2800, 2800, 2800, 2800, 1, 0, 0, 0, 0, 0]', 28),
(150994973, 9, 29, '[0, 2900, 2900, 2900, 2900, 1, 0, 0, 0, 0, 0]', 29),
(150994974, 9, 30, '[0, 3000, 3000, 3000, 3000, 1, 0, 0, 0, 0, 0]', 30),
(150994975, 9, 31, '[0, 3100, 3100, 3100, 3100, 1, 0, 0, 0, 0, 0]', 31),
(150994976, 9, 32, '[0, 3200, 3200, 3200, 3200, 1, 0, 0, 0, 0, 0]', 32),
(150994977, 9, 33, '[0, 3300, 3300, 3300, 3300, 1, 0, 0, 0, 0, 0]', 33),
(150994978, 9, 34, '[0, 3400, 3400, 3400, 3400, 1, 0, 0, 0, 0, 0]', 34),
(150994979, 9, 35, '[0, 3500, 3500, 3500, 3500, 1, 0, 0, 0, 0, 0]', 35),
(150994980, 9, 36, '[0, 3600, 3600, 3600, 3600, 1, 0, 0, 0, 0, 0]', 36),
(150994981, 9, 37, '[0, 3700, 3700, 3700, 3700, 1, 0, 0, 0, 0, 0]', 37),
(150994982, 9, 38, '[0, 3800, 3800, 3800, 3800, 1, 0, 0, 0, 0, 0]', 38),
(150994983, 9, 39, '[0, 3900, 3900, 3900, 3900, 1, 0, 0, 0, 0, 0]', 39),
(150994984, 9, 40, '[0, 4000, 4000, 4000, 4000, 1, 0, 0, 0, 0, 0]', 40),
(150994985, 9, 41, '[0, 4100, 4100, 4100, 4100, 1, 0, 0, 0, 0, 0]', 41),
(150994986, 9, 42, '[0, 4200, 4200, 4200, 4200, 1, 0, 0, 0, 0, 0]', 42),
(150994987, 9, 43, '[0, 4300, 4300, 4300, 4300, 1, 0, 0, 0, 0, 0]', 43),
(150994988, 9, 44, '[0, 4400, 4400, 4400, 4400, 1, 0, 0, 0, 0, 0]', 44),
(150994989, 9, 45, '[0, 4500, 4500, 4500, 4500, 1, 0, 0, 0, 0, 0]', 45),
(150994990, 9, 46, '[0, 4600, 4600, 4600, 4600, 1, 0, 0, 0, 0, 0]', 46),
(150994991, 9, 47, '[0, 4700, 4700, 4700, 4700, 1, 0, 0, 0, 0, 0]', 47),
(150994992, 9, 48, '[0, 4800, 4800, 4800, 4800, 1, 0, 0, 0, 0, 0]', 48),
(150994993, 9, 49, '[0, 4900, 4900, 4900, 4900, 1, 0, 0, 0, 0, 0]', 49),
(150994994, 9, 50, '[0, 5000, 5000, 5000, 5000, 1, 0, 0, 0, 0, 0]', 50),
(150994995, 9, 51, '[0, 5100, 5100, 5100, 5100, 1, 0, 0, 0, 0, 0]', 51),
(150994996, 9, 52, '[0, 5200, 5200, 5200, 5200, 1, 0, 0, 0, 0, 0]', 52),
(150994997, 9, 53, '[0, 5300, 5300, 5300, 5300, 1, 0, 0, 0, 0, 0]', 53),
(150994998, 9, 54, '[0, 5400, 5400, 5400, 5400, 1, 0, 0, 0, 0, 0]', 54),
(150994999, 9, 55, '[0, 5500, 5500, 5500, 5500, 1, 0, 0, 0, 0, 0]', 55),
(150995000, 9, 56, '[0, 5600, 5600, 5600, 5600, 1, 0, 0, 0, 0, 0]', 56),
(150995001, 9, 57, '[0, 5700, 5700, 5700, 5700, 1, 0, 0, 0, 0, 0]', 57),
(150995002, 9, 58, '[0, 5800, 5800, 5800, 5800, 1, 0, 0, 0, 0, 0]', 58),
(150995003, 9, 59, '[0, 5900, 5900, 5900, 5900, 1, 0, 0, 0, 0, 0]', 59),
(150995004, 9, 60, '[0, 6000, 6000, 6000, 6000, 1, 0, 0, 0, 0, 0]', 60),
(150995005, 9, 61, '[0, 6100, 6100, 6100, 6100, 1, 0, 0, 0, 0, 0]', 61),
(150995006, 9, 62, '[0, 6200, 6200, 6200, 6200, 1, 0, 0, 0, 0, 0]', 62),
(150995007, 9, 63, '[0, 6300, 6300, 6300, 6300, 1, 0, 0, 0, 0, 0]', 63),
(150995008, 9, 64, '[0, 6400, 6400, 6400, 6400, 1, 0, 0, 0, 0, 0]', 64),
(150995009, 9, 65, '[0, 6500, 6500, 6500, 6500, 1, 0, 0, 0, 0, 0]', 65),
(150995010, 9, 66, '[0, 6600, 6600, 6600, 6600, 1, 0, 0, 0, 0, 0]', 66),
(150995011, 9, 67, '[0, 6700, 6700, 6700, 6700, 1, 0, 0, 0, 0, 0]', 67),
(150995012, 9, 68, '[0, 6800, 6800, 6800, 6800, 1, 0, 0, 0, 0, 0]', 68),
(150995013, 9, 69, '[0, 6900, 6900, 6900, 6900, 1, 0, 0, 0, 0, 0]', 69),
(150995014, 9, 70, '[0, 7000, 7000, 7000, 7000, 1, 0, 0, 0, 0, 0]', 70),
(150995015, 9, 71, '[0, 7100, 7100, 7100, 7100, 1, 0, 0, 0, 0, 0]', 71),
(150995016, 9, 72, '[0, 7200, 7200, 7200, 7200, 1, 0, 0, 0, 0, 0]', 72),
(150995017, 9, 73, '[0, 7300, 7300, 7300, 7300, 1, 0, 0, 0, 0, 0]', 73),
(150995018, 9, 74, '[0, 7400, 7400, 7400, 7400, 1, 0, 0, 0, 0, 0]', 74),
(150995019, 9, 75, '[0, 7500, 7500, 7500, 7500, 1, 0, 0, 0, 0, 0]', 75),
(150995020, 9, 76, '[0, 7600, 7600, 7600, 7600, 1, 0, 0, 0, 0, 0]', 76),
(150995021, 9, 77, '[0, 7700, 7700, 7700, 7700, 1, 0, 0, 0, 0, 0]', 77),
(150995022, 9, 78, '[0, 7800, 7800, 7800, 7800, 1, 0, 0, 0, 0, 0]', 78),
(150995023, 9, 79, '[0, 7900, 7900, 7900, 7900, 1, 0, 0, 0, 0, 0]', 79),
(150995024, 9, 80, '[0, 8000, 8000, 8000, 8000, 1, 0, 0, 0, 0, 0]', 80),
(150995025, 9, 81, '[0, 8100, 8100, 8100, 8100, 1, 0, 0, 0, 0, 0]', 81),
(150995026, 9, 82, '[0, 8200, 8200, 8200, 8200, 1, 0, 0, 0, 0, 0]', 82),
(150995027, 9, 83, '[0, 8300, 8300, 8300, 8300, 1, 0, 0, 0, 0, 0]', 83),
(150995028, 9, 84, '[0, 8400, 8400, 8400, 8400, 1, 0, 0, 0, 0, 0]', 84),
(150995029, 9, 85, '[0, 8500, 8500, 8500, 8500, 1, 0, 0, 0, 0, 0]', 85),
(150995030, 9, 86, '[0, 8600, 8600, 8600, 8600, 1, 0, 0, 0, 0, 0]', 86),
(150995031, 9, 87, '[0, 8700, 8700, 8700, 8700, 1, 0, 0, 0, 0, 0]', 87),
(150995032, 9, 88, '[0, 8800, 8800, 8800, 8800, 1, 0, 0, 0, 0, 0]', 88),
(150995033, 9, 89, '[0, 8900, 8900, 8900, 8900, 1, 0, 0, 0, 0, 0]', 89),
(150995034, 9, 90, '[0, 9000, 9000, 9000, 9000, 1, 0, 0, 0, 0, 0]', 90),
(150995035, 9, 91, '[0, 9100, 9100, 9100, 9100, 1, 0, 0, 0, 0, 0]', 91),
(150995036, 9, 92, '[0, 9200, 9200, 9200, 9200, 1, 0, 0, 0, 0, 0]', 92),
(150995037, 9, 93, '[0, 9300, 9300, 9300, 9300, 1, 0, 0, 0, 0, 0]', 93),
(150995038, 9, 94, '[0, 9400, 9400, 9400, 9400, 1, 0, 0, 0, 0, 0]', 94),
(150995039, 9, 95, '[0, 9500, 9500, 9500, 9500, 1, 0, 0, 0, 0, 0]', 95),
(150995040, 9, 96, '[0, 9600, 9600, 9600, 9600, 1, 0, 0, 0, 0, 0]', 96),
(150995041, 9, 97, '[0, 9700, 9700, 9700, 9700, 1, 0, 0, 0, 0, 0]', 97),
(150995042, 9, 98, '[0, 9800, 9800, 9800, 9800, 1, 0, 0, 0, 0, 0]', 98),
(150995043, 9, 99, '[0, 9900, 9900, 9900, 9900, 1, 0, 0, 0, 0, 0]', 99),
(150995044, 9, 100, '[0, 10000, 10000, 10000, 10000, 1, 0, 0, 0, 0, 0]', 100);

-- --------------------------------------------------------

--
-- 表的结构 `creature_custom_attribute`
--

CREATE TABLE `creature_custom_attribute` (
  `charTypeId` int(10) UNSIGNED NOT NULL,
  `attrs` json NOT NULL,
  `damageFactor` double NOT NULL
) ENGINE=InnoDB DEFAULT CHARSET=utf8mb4 COLLATE=utf8mb4_0900_ai_ci;

-- --------------------------------------------------------

--
-- 表的结构 `creature_spawn`
--

CREATE TABLE `creature_spawn` (
  `spawnId` int(10) UNSIGNED NOT NULL,
  `flags` json NOT NULL,
  `entry` int(10) UNSIGNED NOT NULL,
  `level` int(10) UNSIGNED NOT NULL,
  `map_id` int(10) UNSIGNED NOT NULL,
  `map_type` int(10) UNSIGNED NOT NULL,
  `x` float NOT NULL,
  `y` float NOT NULL,
  `z` float NOT NULL,
  `o` float NOT NULL,
  `idleType` int(10) UNSIGNED NOT NULL,
  `wayPointId` int(10) UNSIGNED NOT NULL
) ENGINE=InnoDB DEFAULT CHARSET=utf8mb4 COLLATE=utf8mb4_0900_ai_ci;

--
-- 转存表中的数据 `creature_spawn`
--

INSERT INTO `creature_spawn` (`spawnId`, `flags`, `entry`, `level`, `map_id`, `map_type`, `x`, `y`, `z`, `o`, `idleType`, `wayPointId`) VALUES
(1, '{\"isRespawn\": true}', 12, 55, 1, 1, 92, 0, 98, 0, 1, 0),
(2, '{\"isRespawn\": true}', 6, 84, 2, 1, 47, 0, 87, 0, 1, 0),
(3, '{\"isRespawn\": true}', 3, 81, 1, 1, 55, 0, 11, 0, 1, 0),
(4, '{\"isRespawn\": true}', 4, 9, 1, 1, 36, 0, 34, 0, 1, 0),
(5, '{\"isRespawn\": true}', 7, 18, 2, 1, 94, 0, -60, 0, 1, 0),
(6, '{\"isRespawn\": true}', 6, 73, 1, 1, -63, 0, 17, 0, 1, 0),
(7, '{\"isRespawn\": true}', 7, 45, 2, 1, 64, 0, 11, 0, 1, 0),
(8, '{\"isRespawn\": true}', 4, 27, 2, 1, 23, 0, 82, 0, 1, 0),
(9, '{\"isRespawn\": true}', 7, 92, 1, 1, 40, 0, -34, 0, 1, 0),
(10, '{\"isRespawn\": true}', 4, 33, 2, 1, -95, 0, 9, 0, 1, 0),
(11, '{\"isRespawn\": true}', 8, 64, 1, 1, 65, 0, -2, 0, 1, 0),
(12, '{\"isRespawn\": true}', 10, 22, 2, 1, -75, 0, 8, 0, 1, 0),
(13, '{\"isRespawn\": true}', 12, 76, 1, 1, 92, 0, 42, 0, 1, 0),
(14, '{\"isRespawn\": true}', 10, 4, 1, 1, 72, 0, 37, 0, 1, 0),
(15, '{\"isRespawn\": true}', 6, 49, 2, 1, -54, 0, 0, 0, 1, 0),
(16, '{\"isRespawn\": true}', 11, 31, 2, 1, 9, 0, 72, 0, 1, 0),
(17, '{\"isRespawn\": true}', 10, 55, 1, 1, -70, 0, -66, 0, 1, 0),
(18, '{\"isRespawn\": true}', 7, 77, 1, 1, 60, 0, -54, 0, 1, 0),
(19, '{\"isRespawn\": true}', 6, 54, 1, 1, -19, 0, 62, 0, 1, 0),
(20, '{\"isRespawn\": true}', 12, 89, 1, 1, -83, 0, 7, 0, 1, 0),
(21, '{\"isRespawn\": true}', 12, 96, 2, 1, -36, 0, -70, 0, 1, 0),
(22, '{\"isRespawn\": true}', 11, 22, 2, 1, -19, 0, 0, 0, 1, 0),
(23, '{\"isRespawn\": true}', 5, 68, 2, 1, -26, 0, -11, 0, 1, 0),
(24, '{\"isRespawn\": true}', 8, 34, 1, 1, 84, 0, -73, 0, 1, 0),
(25, '{\"isRespawn\": true}', 5, 22, 2, 1, -13, 0, 49, 0, 1, 0),
(26, '{\"isRespawn\": true}', 7, 69, 2, 1, -50, 0, -30, 0, 1, 0),
(27, '{\"isRespawn\": true}', 12, 1, 2, 1, 12, 0, 91, 0, 1, 0),
(28, '{\"isRespawn\": true}', 5, 89, 2, 1, -24, 0, -50, 0, 1, 0),
(29, '{\"isRespawn\": true}', 11, 30, 2, 1, -10, 0, 7, 0, 1, 0),
(30, '{\"isRespawn\": true}', 11, 49, 2, 1, 19, 0, -22, 0, 1, 0),
(31, '{\"isRespawn\": true}', 9, 83, 1, 1, 0, 0, 91, 0, 1, 0),
(32, '{\"isRespawn\": true}', 7, 25, 1, 1, 75, 0, 27, 0, 1, 0),
(33, '{\"isRespawn\": true}', 4, 76, 1, 1, -93, 0, 60, 0, 1, 0),
(34, '{\"isRespawn\": true}', 3, 50, 1, 1, 21, 0, 24, 0, 1, 0),
(35, '{\"isRespawn\": true}', 9, 87, 2, 1, 33, 0, -97, 0, 1, 0),
(36, '{\"isRespawn\": true}', 7, 4, 1, 1, 51, 0, 18, 0, 1, 0),
(37, '{\"isRespawn\": true}', 9, 64, 2, 1, 21, 0, 42, 0, 1, 0),
(38, '{\"isRespawn\": true}', 8, 55, 1, 1, -76, 0, -27, 0, 1, 0),
(39, '{\"isRespawn\": true}', 6, 15, 1, 1, 80, 0, -17, 0, 1, 0),
(40, '{\"isRespawn\": true}', 12, 89, 2, 1, 90, 0, -50, 0, 1, 0),
(41, '{\"isRespawn\": true}', 12, 98, 1, 1, 83, 0, -44, 0, 1, 0),
(42, '{\"isRespawn\": true}', 11, 72, 1, 1, 69, 0, -41, 0, 1, 0),
(43, '{\"isRespawn\": true}', 5, 82, 2, 1, 50, 0, -57, 0, 1, 0),
(44, '{\"isRespawn\": true}', 11, 55, 2, 1, -36, 0, -78, 0, 1, 0),
(45, '{\"isRespawn\": true}', 10, 12, 1, 1, -43, 0, -15, 0, 1, 0),
(46, '{\"isRespawn\": true}', 10, 36, 1, 1, 86, 0, -61, 0, 1, 0),
(47, '{\"isRespawn\": true}', 10, 73, 1, 1, 68, 0, 39, 0, 1, 0),
(48, '{\"isRespawn\": true}', 5, 64, 2, 1, 83, 0, 56, 0, 1, 0),
(49, '{\"isRespawn\": true}', 5, 21, 2, 1, 54, 0, 15, 0, 1, 0),
(50, '{\"isRespawn\": true}', 12, 49, 1, 1, -55, 0, -87, 0, 1, 0),
(51, '{\"isRespawn\": true}', 4, 38, 1, 1, -40, 0, -66, 0, 1, 0),
(52, '{\"isRespawn\": true}', 3, 2, 1, 1, -50, 0, -91, 0, 1, 0),
(53, '{\"isRespawn\": true}', 12, 52, 1, 1, -58, 0, 38, 0, 1, 0),
(54, '{\"isRespawn\": true}', 11, 94, 1, 1, 92, 0, 29, 0, 1, 0),
(55, '{\"isRespawn\": true}', 10, 8, 2, 1, -44, 0, -26, 0, 1, 0),
(56, '{\"isRespawn\": true}', 12, 30, 2, 1, 31, 0, -84, 0, 1, 0),
(57, '{\"isRespawn\": true}', 12, 24, 1, 1, -18, 0, -79, 0, 1, 0),
(58, '{\"isRespawn\": true}', 12, 27, 1, 1, 19, 0, -93, 0, 1, 0),
(59, '{\"isRespawn\": true}', 3, 81, 1, 1, -42, 0, 54, 0, 1, 0),
(60, '{\"isRespawn\": true}', 12, 100, 1, 1, 46, 0, 88, 0, 1, 0),
(61, '{\"isRespawn\": true}', 7, 50, 2, 1, 48, 0, -53, 0, 1, 0),
(62, '{\"isRespawn\": true}', 3, 49, 2, 1, 32, 0, 28, 0, 1, 0),
(63, '{\"isRespawn\": true}', 4, 98, 2, 1, 96, 0, -22, 0, 1, 0),
(64, '{\"isRespawn\": true}', 8, 13, 1, 1, -97, 0, -51, 0, 1, 0),
(65, '{\"isRespawn\": true}', 10, 81, 2, 1, -98, 0, 96, 0, 1, 0),
(66, '{\"isRespawn\": true}', 10, 78, 2, 1, 23, 0, 40, 0, 1, 0),
(67, '{\"isRespawn\": true}', 9, 26, 1, 1, -91, 0, 81, 0, 1, 0),
(68, '{\"isRespawn\": true}', 3, 11, 2, 1, 46, 0, -37, 0, 1, 0),
(69, '{\"isRespawn\": true}', 9, 55, 1, 1, -49, 0, -68, 0, 1, 0),
(70, '{\"isRespawn\": true}', 4, 79, 1, 1, 73, 0, -39, 0, 1, 0),
(71, '{\"isRespawn\": true}', 12, 55, 2, 1, 84, 0, -83, 0, 1, 0),
(72, '{\"isRespawn\": true}', 12, 12, 2, 1, 93, 0, 11, 0, 1, 0),
(73, '{\"isRespawn\": true}', 12, 56, 1, 1, 49, 0, 100, 0, 1, 0),
(74, '{\"isRespawn\": true}', 4, 69, 1, 1, 99, 0, 50, 0, 1, 0),
(75, '{\"isRespawn\": true}', 8, 63, 1, 1, 1, 0, -94, 0, 1, 0),
(76, '{\"isRespawn\": true}', 3, 82, 2, 1, 88, 0, 23, 0, 1, 0),
(77, '{\"isRespawn\": true}', 12, 52, 1, 1, -59, 0, -50, 0, 1, 0),
(78, '{\"isRespawn\": true}', 5, 42, 2, 1, -85, 0, 13, 0, 1, 0),
(79, '{\"isRespawn\": true}', 8, 19, 1, 1, 59, 0, 15, 0, 1, 0),
(80, '{\"isRespawn\": true}', 4, 12, 2, 1, -13, 0, 43, 0, 1, 0),
(81, '{\"isRespawn\": true}', 12, 86, 2, 1, 26, 0, 62, 0, 1, 0),
(82, '{\"isRespawn\": true}', 10, 95, 1, 1, -67, 0, 51, 0, 1, 0),
(83, '{\"isRespawn\": true}', 3, 72, 1, 1, 15, 0, -11, 0, 1, 0),
(84, '{\"isRespawn\": true}', 5, 31, 1, 1, 38, 0, 39, 0, 1, 0),
(85, '{\"isRespawn\": true}', 5, 21, 2, 1, -16, 0, -9, 0, 1, 0),
(86, '{\"isRespawn\": true}', 7, 94, 2, 1, -53, 0, -58, 0, 1, 0),
(87, '{\"isRespawn\": true}', 4, 46, 1, 1, 24, 0, -1, 0, 1, 0),
(88, '{\"isRespawn\": true}', 3, 66, 1, 1, -27, 0, -86, 0, 1, 0),
(89, '{\"isRespawn\": true}', 11, 82, 1, 1, -86, 0, -13, 0, 1, 0),
(90, '{\"isRespawn\": true}', 10, 5, 2, 1, 55, 0, 3, 0, 1, 0),
(91, '{\"isRespawn\": true}', 6, 13, 2, 1, -99, 0, -73, 0, 1, 0),
(92, '{\"isRespawn\": true}', 9, 48, 1, 1, 73, 0, 4, 0, 1, 0),
(93, '{\"isRespawn\": true}', 3, 13, 2, 1, -58, 0, 86, 0, 1, 0),
(94, '{\"isRespawn\": true}', 5, 18, 1, 1, 25, 0, -18, 0, 1, 0),
(95, '{\"isRespawn\": true}', 12, 63, 1, 1, -34, 0, -83, 0, 1, 0),
(96, '{\"isRespawn\": true}', 4, 43, 2, 1, -73, 0, 58, 0, 1, 0),
(97, '{\"isRespawn\": true}', 5, 72, 1, 1, 86, 0, -12, 0, 1, 0),
(98, '{\"isRespawn\": true}', 5, 22, 1, 1, -46, 0, 89, 0, 1, 0),
(99, '{\"isRespawn\": true}', 8, 92, 2, 1, 40, 0, 29, 0, 1, 0),
(100, '{\"isRespawn\": true}', 7, 52, 1, 1, -14, 0, -91, 0, 1, 0);

-- --------------------------------------------------------

--
-- 表的结构 `editor_tree_view`
--

CREATE TABLE `editor_tree_view` (
  `etvType` int(10) UNSIGNED NOT NULL,
  `etvTree` json NOT NULL
) ENGINE=InnoDB DEFAULT CHARSET=utf8mb4 COLLATE=utf8mb4_0900_ai_ci;

--
-- 转存表中的数据 `editor_tree_view`
--

INSERT INTO `editor_tree_view` (`etvType`, `etvTree`) VALUES
(1, '[{\"id\": 1}, {\"id\": 2}, {\"id\": 3}, {\"id\": 4}, {\"id\": 5}, {\"id\": 6}, {\"id\": 7}, {\"id\": 8}, {\"id\": 9}]'),
(2, '[{\"id\": 10}, {\"id\": 11}, {\"id\": 12}, {\"id\": 13}, {\"id\": 14}, {\"id\": 15}]'),
(3, '[{\"id\": 1}, {\"id\": 2}, {\"id\": 3}, {\"id\": 4}, {\"id\": 5}, {\"id\": 6}, {\"id\": 7}, {\"id\": 8}, {\"id\": 9}, {\"id\": 10}, {\"id\": 11}, {\"id\": 12}]'),
(4, '[{\"id\": 1}, {\"id\": 2}, {\"id\": 3}]'),
(5, '[3, 5, 6, 1, 2, 4, 26]'),
(6, '[{\"id\": 1}, {\"id\": 2}, {\"id\": 3}]');

-- --------------------------------------------------------

--
-- 表的结构 `item_equip_prototype`
--

CREATE TABLE `item_equip_prototype` (
  `itemTypeID` int(10) UNSIGNED NOT NULL,
  `itemEquipAttrs` json DEFAULT NULL,
  `itemEquipSpells` json DEFAULT NULL
) ENGINE=InnoDB DEFAULT CHARSET=utf8mb4 COLLATE=utf8mb4_0900_ai_ci;

-- --------------------------------------------------------

--
-- 表的结构 `item_prototype`
--

CREATE TABLE `item_prototype` (
  `itemTypeID` int(10) UNSIGNED NOT NULL,
  `itemFlags` json NOT NULL,
  `itemClass` int(10) UNSIGNED NOT NULL,
  `itemSubClass` int(10) UNSIGNED NOT NULL,
  `itemQuality` int(10) UNSIGNED NOT NULL,
  `itemLevel` int(10) UNSIGNED NOT NULL,
  `itemStack` int(10) UNSIGNED NOT NULL,
  `itemSellPrice` int(10) UNSIGNED NOT NULL,
  `itemLootId` int(10) UNSIGNED NOT NULL,
  `itemSpellId` int(10) UNSIGNED NOT NULL,
  `itemSpellLevel` int(10) UNSIGNED NOT NULL,
  `itemScriptId` int(10) UNSIGNED NOT NULL,
  `itemScriptArgs` text NOT NULL
) ENGINE=InnoDB DEFAULT CHARSET=utf8mb4 COLLATE=utf8mb4_0900_ai_ci;

--
-- 转存表中的数据 `item_prototype`
--

INSERT INTO `item_prototype` (`itemTypeID`, `itemFlags`, `itemClass`, `itemSubClass`, `itemQuality`, `itemLevel`, `itemStack`, `itemSellPrice`, `itemLootId`, `itemSpellId`, `itemSpellLevel`, `itemScriptId`, `itemScriptArgs`) VALUES
(1, '{\"canSell\": true, \"canDestroy\": true}', 6, 0, 0, 1, 999, 10, 0, 0, 1, 0, ''),
(2, '{\"canSell\": true, \"canDestroy\": true}', 6, 0, 0, 1, 999, 1, 0, 0, 1, 0, ''),
(3, '{\"canSell\": true, \"canDestroy\": true}', 1, 1, 0, 1, 1, 100, 0, 0, 1, 0, ''),
(4, '{\"canSell\": true, \"canDestroy\": true}', 6, 0, 0, 1, 999, 1, 0, 0, 1, 0, ''),
(5, '{\"canUse\": true, \"canSell\": true, \"canDestroy\": true}', 5, 0, 0, 1, 99, 3, 0, 0, 1, 0, ''),
(6, '{\"canUse\": true, \"canSell\": true, \"canDestroy\": true}', 5, 0, 0, 1, 99, 3, 0, 0, 1, 0, '');

-- --------------------------------------------------------

--
-- 表的结构 `landmark_point`
--

CREATE TABLE `landmark_point` (
  `Id` int(10) UNSIGNED NOT NULL,
  `name` varchar(128) NOT NULL,
  `map_id` int(10) UNSIGNED NOT NULL,
  `map_type` int(10) UNSIGNED NOT NULL,
  `x` float NOT NULL,
  `y` float NOT NULL,
  `z` float NOT NULL
) ENGINE=InnoDB DEFAULT CHARSET=utf8mb4 COLLATE=utf8mb4_0900_ai_ci;

-- --------------------------------------------------------

--
-- 表的结构 `loot_set`
--

CREATE TABLE `loot_set` (
  `lsID` int(10) UNSIGNED NOT NULL,
  `lsName` varchar(128) NOT NULL
) ENGINE=InnoDB DEFAULT CHARSET=utf8mb4 COLLATE=utf8mb4_0900_ai_ci;

--
-- 转存表中的数据 `loot_set`
--

INSERT INTO `loot_set` (`lsID`, `lsName`) VALUES
(1, '怪物掉落'),
(2, '强盗掉落'),
(3, '草药掉落');

-- --------------------------------------------------------

--
-- 表的结构 `loot_set_group`
--

CREATE TABLE `loot_set_group` (
  `lsgID` int(10) UNSIGNED NOT NULL,
  `lsID` int(10) UNSIGNED NOT NULL,
  `lsgName` varchar(128) NOT NULL,
  `lsgOdds` float NOT NULL,
  `lsgMinItemTimes` int(10) UNSIGNED NOT NULL,
  `lsgMaxItemTimes` int(10) UNSIGNED NOT NULL,
  `lsgMinChequeTimes` int(10) UNSIGNED NOT NULL,
  `lsgMaxChequeTimes` int(10) UNSIGNED NOT NULL
) ENGINE=InnoDB DEFAULT CHARSET=utf8mb4 COLLATE=utf8mb4_0900_ai_ci;

--
-- 转存表中的数据 `loot_set_group`
--

INSERT INTO `loot_set_group` (`lsgID`, `lsID`, `lsgName`, `lsgOdds`, `lsgMinItemTimes`, `lsgMaxItemTimes`, `lsgMinChequeTimes`, `lsgMaxChequeTimes`) VALUES
(4, 1, '怪物掉落', 1, 1, 2, 0, 0),
(5, 2, '强盗掉落', 1, 1, 2, 1, 2),
(6, 3, '草药掉落', 1, 1, 1, 0, 0);

-- --------------------------------------------------------

--
-- 表的结构 `loot_set_group_cheque`
--

CREATE TABLE `loot_set_group_cheque` (
  `lsgcID` int(10) UNSIGNED NOT NULL,
  `lsID` int(10) UNSIGNED NOT NULL,
  `lsgID` int(10) UNSIGNED NOT NULL,
  `lsgcWeight` int(10) UNSIGNED NOT NULL,
  `lsgcChequeType` int(10) UNSIGNED NOT NULL,
  `lsgcMinValue` int(10) UNSIGNED NOT NULL,
  `lsgcMaxValue` int(10) UNSIGNED NOT NULL,
  `lsgcMaxTimes` int(10) UNSIGNED NOT NULL
) ENGINE=InnoDB DEFAULT CHARSET=utf8mb4 COLLATE=utf8mb4_0900_ai_ci;

--
-- 转存表中的数据 `loot_set_group_cheque`
--

INSERT INTO `loot_set_group_cheque` (`lsgcID`, `lsID`, `lsgID`, `lsgcWeight`, `lsgcChequeType`, `lsgcMinValue`, `lsgcMaxValue`, `lsgcMaxTimes`) VALUES
(4, 1, 4, 0, 0, 0, 0, 0),
(5, 2, 5, 100, 0, 1, 100, 2),
(6, 2, 5, 1, 1, 1, 5, 1),
(7, 3, 6, 0, 0, 0, 0, 0);

-- --------------------------------------------------------

--
-- 表的结构 `loot_set_group_item`
--

CREATE TABLE `loot_set_group_item` (
  `lsgiID` int(10) UNSIGNED NOT NULL,
  `lsID` int(10) UNSIGNED NOT NULL,
  `lsgID` int(10) UNSIGNED NOT NULL,
  `lsgiFlags` json NOT NULL,
  `lsgiWeight` int(10) UNSIGNED NOT NULL,
  `lsgiItemTypeID` int(10) UNSIGNED NOT NULL,
  `lsgiMinCount` int(10) UNSIGNED NOT NULL,
  `lsgiMaxCount` int(10) UNSIGNED NOT NULL,
  `lsgiMaxTimes` int(10) UNSIGNED NOT NULL,
  `lsgiLimitQuest` int(10) UNSIGNED NOT NULL,
  `lsgiLimitCareer` int(10) UNSIGNED NOT NULL,
  `lsgiLimitGender` int(10) UNSIGNED NOT NULL
) ENGINE=InnoDB DEFAULT CHARSET=utf8mb4 COLLATE=utf8mb4_0900_ai_ci;

--
-- 转存表中的数据 `loot_set_group_item`
--

INSERT INTO `loot_set_group_item` (`lsgiID`, `lsID`, `lsgID`, `lsgiFlags`, `lsgiWeight`, `lsgiItemTypeID`, `lsgiMinCount`, `lsgiMaxCount`, `lsgiMaxTimes`, `lsgiLimitQuest`, `lsgiLimitCareer`, `lsgiLimitGender`) VALUES
(6, 1, 4, '{\"bindToPicker\": true}', 1, 1, 1, 1, 0, 0, 0, 0),
(7, 1, 4, '{\"bindToPicker\": true}', 1, 4, 1, 1, 1, 0, 0, 0),
(8, 2, 5, '{\"bindToPicker\": true}', 10, 2, 1, 1, 1, 0, 0, 0),
(9, 2, 5, '{\"bindToPicker\": true}', 1, 3, 1, 1, 1, 0, 0, 0),
(10, 3, 6, '{\"bindToPicker\": true}', 1, 5, 1, 1, 1, 0, 0, 0),
(11, 2, 5, '{}', 1, 5, 1, 1, 1, 0, 0, 0),
(12, 2, 5, '{\"bindToPicker\": true}', 1, 6, 1, 1, 1, 0, 0, 0);

-- --------------------------------------------------------

--
-- 表的结构 `map_graveyard`
--

CREATE TABLE `map_graveyard` (
  `Id` int(10) UNSIGNED NOT NULL,
  `map_id` int(10) UNSIGNED NOT NULL,
  `map_type` int(10) UNSIGNED NOT NULL,
  `x` float NOT NULL,
  `y` float NOT NULL,
  `z` float NOT NULL,
  `o` float NOT NULL
) ENGINE=InnoDB DEFAULT CHARSET=utf8mb4 COLLATE=utf8mb4_0900_ai_ci;

--
-- 转存表中的数据 `map_graveyard`
--

INSERT INTO `map_graveyard` (`Id`, `map_id`, `map_type`, `x`, `y`, `z`, `o`) VALUES
(1, 1, 1, 0, 0, 0, 0),
(2, 2, 1, 0, 0, 0, 0);

-- --------------------------------------------------------

--
-- 表的结构 `map_info`
--

CREATE TABLE `map_info` (
  `Id` int(10) UNSIGNED NOT NULL,
  `type` int(10) UNSIGNED NOT NULL,
  `flags` json NOT NULL,
  `strName` varchar(128) NOT NULL,
  `strSceneFile` varchar(256) NOT NULL,
  `viewing_distance` float NOT NULL,
  `pop_map_id` int(10) UNSIGNED NOT NULL,
  `pop_pos_x` float NOT NULL,
  `pop_pos_y` float NOT NULL,
  `pop_pos_z` float NOT NULL,
  `pop_o` float NOT NULL,
  `x1` float NOT NULL,
  `y1` float NOT NULL,
  `z1` float NOT NULL,
  `x2` float NOT NULL,
  `y2` float NOT NULL,
  `z2` float NOT NULL
) ENGINE=InnoDB DEFAULT CHARSET=utf8mb4 COLLATE=utf8mb4_0900_ai_ci;

--
-- 转存表中的数据 `map_info`
--

INSERT INTO `map_info` (`Id`, `type`, `flags`, `strName`, `strSceneFile`, `viewing_distance`, `pop_map_id`, `pop_pos_x`, `pop_pos_y`, `pop_pos_z`, `pop_o`, `x1`, `y1`, `z1`, `x2`, `y2`, `z2`) VALUES
(1, 1, '0', '稻香村', 'worlds/newplayer', 30, 1, 0, 0, 0, 0, -101, 0, -101, 101, 0, 101),
(2, 1, '0', '主城', 'maincity', 30, 1, 0, 0, 0, 0, -101, 0, -101, 101, 0, 101);

-- --------------------------------------------------------

--
-- 表的结构 `map_zone`
--

CREATE TABLE `map_zone` (
  `Id` int(10) UNSIGNED NOT NULL,
  `parentId` int(10) UNSIGNED NOT NULL,
  `priority` int(10) UNSIGNED NOT NULL,
  `map_id` int(10) UNSIGNED NOT NULL,
  `map_type` int(10) UNSIGNED NOT NULL,
  `x1` float NOT NULL,
  `y1` float NOT NULL,
  `z1` float NOT NULL,
  `x2` float NOT NULL,
  `y2` float NOT NULL,
  `z2` float NOT NULL,
  `pvp_flags` int(10) UNSIGNED NOT NULL
) ENGINE=InnoDB DEFAULT CHARSET=utf8mb4 COLLATE=utf8mb4_0900_ai_ci;

-- --------------------------------------------------------

--
-- 表的结构 `player_attribute`
--

CREATE TABLE `player_attribute` (
  `Id` int(10) UNSIGNED NOT NULL,
  `career` int(10) UNSIGNED NOT NULL,
  `level` int(10) UNSIGNED NOT NULL,
  `attrs` json NOT NULL
) ENGINE=InnoDB DEFAULT CHARSET=utf8mb4 COLLATE=utf8mb4_0900_ai_ci;

--
-- 转存表中的数据 `player_attribute`
--

INSERT INTO `player_attribute` (`Id`, `career`, `level`, `attrs`) VALUES
(1, 0, 1, '[0, 100, 100, 100, 100, 1, 0, 0, 0, 0, 0]'),
(2, 0, 2, '[0, 200, 200, 200, 200, 1, 0, 0, 0, 0, 0]'),
(3, 0, 3, '[0, 300, 300, 300, 300, 1, 0, 0, 0, 0, 0]'),
(4, 0, 4, '[0, 400, 400, 400, 400, 1, 0, 0, 0, 0, 0]'),
(5, 0, 5, '[0, 500, 500, 500, 500, 1, 0, 0, 0, 0, 0]'),
(6, 0, 6, '[0, 600, 600, 600, 600, 1, 0, 0, 0, 0, 0]'),
(7, 0, 7, '[0, 700, 700, 700, 700, 1, 0, 0, 0, 0, 0]'),
(8, 0, 8, '[0, 800, 800, 800, 800, 1, 0, 0, 0, 0, 0]'),
(9, 0, 9, '[0, 900, 900, 900, 900, 1, 0, 0, 0, 0, 0]'),
(10, 0, 10, '[0, 1000, 1000, 1000, 1000, 1, 0, 0, 0, 0, 0]'),
(11, 0, 11, '[0, 1100, 1100, 1100, 1100, 1, 0, 0, 0, 0, 0]'),
(12, 0, 12, '[0, 1200, 1200, 1200, 1200, 1, 0, 0, 0, 0, 0]'),
(13, 0, 13, '[0, 1300, 1300, 1300, 1300, 1, 0, 0, 0, 0, 0]'),
(14, 0, 14, '[0, 1400, 1400, 1400, 1400, 1, 0, 0, 0, 0, 0]'),
(15, 0, 15, '[0, 1500, 1500, 1500, 1500, 1, 0, 0, 0, 0, 0]'),
(16, 0, 16, '[0, 1600, 1600, 1600, 1600, 1, 0, 0, 0, 0, 0]'),
(17, 0, 17, '[0, 1700, 1700, 1700, 1700, 1, 0, 0, 0, 0, 0]'),
(18, 0, 18, '[0, 1800, 1800, 1800, 1800, 1, 0, 0, 0, 0, 0]'),
(19, 0, 19, '[0, 1900, 1900, 1900, 1900, 1, 0, 0, 0, 0, 0]'),
(20, 0, 20, '[0, 2000, 2000, 2000, 2000, 1, 0, 0, 0, 0, 0]'),
(21, 0, 21, '[0, 2100, 2100, 2100, 2100, 1, 0, 0, 0, 0, 0]'),
(22, 0, 22, '[0, 2200, 2200, 2200, 2200, 1, 0, 0, 0, 0, 0]'),
(23, 0, 23, '[0, 2300, 2300, 2300, 2300, 1, 0, 0, 0, 0, 0]'),
(24, 0, 24, '[0, 2400, 2400, 2400, 2400, 1, 0, 0, 0, 0, 0]'),
(25, 0, 25, '[0, 2500, 2500, 2500, 2500, 1, 0, 0, 0, 0, 0]'),
(26, 0, 26, '[0, 2600, 2600, 2600, 2600, 1, 0, 0, 0, 0, 0]'),
(27, 0, 27, '[0, 2700, 2700, 2700, 2700, 1, 0, 0, 0, 0, 0]'),
(28, 0, 28, '[0, 2800, 2800, 2800, 2800, 1, 0, 0, 0, 0, 0]'),
(29, 0, 29, '[0, 2900, 2900, 2900, 2900, 1, 0, 0, 0, 0, 0]'),
(30, 0, 30, '[0, 3000, 3000, 3000, 3000, 1, 0, 0, 0, 0, 0]'),
(31, 0, 31, '[0, 3100, 3100, 3100, 3100, 1, 0, 0, 0, 0, 0]'),
(32, 0, 32, '[0, 3200, 3200, 3200, 3200, 1, 0, 0, 0, 0, 0]'),
(33, 0, 33, '[0, 3300, 3300, 3300, 3300, 1, 0, 0, 0, 0, 0]'),
(34, 0, 34, '[0, 3400, 3400, 3400, 3400, 1, 0, 0, 0, 0, 0]'),
(35, 0, 35, '[0, 3500, 3500, 3500, 3500, 1, 0, 0, 0, 0, 0]'),
(36, 0, 36, '[0, 3600, 3600, 3600, 3600, 1, 0, 0, 0, 0, 0]'),
(37, 0, 37, '[0, 3700, 3700, 3700, 3700, 1, 0, 0, 0, 0, 0]'),
(38, 0, 38, '[0, 3800, 3800, 3800, 3800, 1, 0, 0, 0, 0, 0]'),
(39, 0, 39, '[0, 3900, 3900, 3900, 3900, 1, 0, 0, 0, 0, 0]'),
(40, 0, 40, '[0, 4000, 4000, 4000, 4000, 1, 0, 0, 0, 0, 0]'),
(41, 0, 41, '[0, 4100, 4100, 4100, 4100, 1, 0, 0, 0, 0, 0]'),
(42, 0, 42, '[0, 4200, 4200, 4200, 4200, 1, 0, 0, 0, 0, 0]'),
(43, 0, 43, '[0, 4300, 4300, 4300, 4300, 1, 0, 0, 0, 0, 0]'),
(44, 0, 44, '[0, 4400, 4400, 4400, 4400, 1, 0, 0, 0, 0, 0]'),
(45, 0, 45, '[0, 4500, 4500, 4500, 4500, 1, 0, 0, 0, 0, 0]'),
(46, 0, 46, '[0, 4600, 4600, 4600, 4600, 1, 0, 0, 0, 0, 0]'),
(47, 0, 47, '[0, 4700, 4700, 4700, 4700, 1, 0, 0, 0, 0, 0]'),
(48, 0, 48, '[0, 4800, 4800, 4800, 4800, 1, 0, 0, 0, 0, 0]'),
(49, 0, 49, '[0, 4900, 4900, 4900, 4900, 1, 0, 0, 0, 0, 0]'),
(50, 0, 50, '[0, 5000, 5000, 5000, 5000, 1, 0, 0, 0, 0, 0]'),
(51, 0, 51, '[0, 5100, 5100, 5100, 5100, 1, 0, 0, 0, 0, 0]'),
(52, 0, 52, '[0, 5200, 5200, 5200, 5200, 1, 0, 0, 0, 0, 0]'),
(53, 0, 53, '[0, 5300, 5300, 5300, 5300, 1, 0, 0, 0, 0, 0]'),
(54, 0, 54, '[0, 5400, 5400, 5400, 5400, 1, 0, 0, 0, 0, 0]'),
(55, 0, 55, '[0, 5500, 5500, 5500, 5500, 1, 0, 0, 0, 0, 0]'),
(56, 0, 56, '[0, 5600, 5600, 5600, 5600, 1, 0, 0, 0, 0, 0]'),
(57, 0, 57, '[0, 5700, 5700, 5700, 5700, 1, 0, 0, 0, 0, 0]'),
(58, 0, 58, '[0, 5800, 5800, 5800, 5800, 1, 0, 0, 0, 0, 0]'),
(59, 0, 59, '[0, 5900, 5900, 5900, 5900, 1, 0, 0, 0, 0, 0]'),
(60, 0, 60, '[0, 6000, 6000, 6000, 6000, 1, 0, 0, 0, 0, 0]'),
(61, 0, 61, '[0, 6100, 6100, 6100, 6100, 1, 0, 0, 0, 0, 0]'),
(62, 0, 62, '[0, 6200, 6200, 6200, 6200, 1, 0, 0, 0, 0, 0]'),
(63, 0, 63, '[0, 6300, 6300, 6300, 6300, 1, 0, 0, 0, 0, 0]'),
(64, 0, 64, '[0, 6400, 6400, 6400, 6400, 1, 0, 0, 0, 0, 0]'),
(65, 0, 65, '[0, 6500, 6500, 6500, 6500, 1, 0, 0, 0, 0, 0]'),
(66, 0, 66, '[0, 6600, 6600, 6600, 6600, 1, 0, 0, 0, 0, 0]'),
(67, 0, 67, '[0, 6700, 6700, 6700, 6700, 1, 0, 0, 0, 0, 0]'),
(68, 0, 68, '[0, 6800, 6800, 6800, 6800, 1, 0, 0, 0, 0, 0]'),
(69, 0, 69, '[0, 6900, 6900, 6900, 6900, 1, 0, 0, 0, 0, 0]'),
(70, 0, 70, '[0, 7000, 7000, 7000, 7000, 1, 0, 0, 0, 0, 0]'),
(71, 0, 71, '[0, 7100, 7100, 7100, 7100, 1, 0, 0, 0, 0, 0]'),
(72, 0, 72, '[0, 7200, 7200, 7200, 7200, 1, 0, 0, 0, 0, 0]'),
(73, 0, 73, '[0, 7300, 7300, 7300, 7300, 1, 0, 0, 0, 0, 0]'),
(74, 0, 74, '[0, 7400, 7400, 7400, 7400, 1, 0, 0, 0, 0, 0]'),
(75, 0, 75, '[0, 7500, 7500, 7500, 7500, 1, 0, 0, 0, 0, 0]'),
(76, 0, 76, '[0, 7600, 7600, 7600, 7600, 1, 0, 0, 0, 0, 0]'),
(77, 0, 77, '[0, 7700, 7700, 7700, 7700, 1, 0, 0, 0, 0, 0]'),
(78, 0, 78, '[0, 7800, 7800, 7800, 7800, 1, 0, 0, 0, 0, 0]'),
(79, 0, 79, '[0, 7900, 7900, 7900, 7900, 1, 0, 0, 0, 0, 0]'),
(80, 0, 80, '[0, 8000, 8000, 8000, 8000, 1, 0, 0, 0, 0, 0]'),
(81, 0, 81, '[0, 8100, 8100, 8100, 8100, 1, 0, 0, 0, 0, 0]'),
(82, 0, 82, '[0, 8200, 8200, 8200, 8200, 1, 0, 0, 0, 0, 0]'),
(83, 0, 83, '[0, 8300, 8300, 8300, 8300, 1, 0, 0, 0, 0, 0]'),
(84, 0, 84, '[0, 8400, 8400, 8400, 8400, 1, 0, 0, 0, 0, 0]'),
(85, 0, 85, '[0, 8500, 8500, 8500, 8500, 1, 0, 0, 0, 0, 0]'),
(86, 0, 86, '[0, 8600, 8600, 8600, 8600, 1, 0, 0, 0, 0, 0]'),
(87, 0, 87, '[0, 8700, 8700, 8700, 8700, 1, 0, 0, 0, 0, 0]'),
(88, 0, 88, '[0, 8800, 8800, 8800, 8800, 1, 0, 0, 0, 0, 0]'),
(89, 0, 89, '[0, 8900, 8900, 8900, 8900, 1, 0, 0, 0, 0, 0]'),
(90, 0, 90, '[0, 9000, 9000, 9000, 9000, 1, 0, 0, 0, 0, 0]'),
(91, 0, 91, '[0, 9100, 9100, 9100, 9100, 1, 0, 0, 0, 0, 0]'),
(92, 0, 92, '[0, 9200, 9200, 9200, 9200, 1, 0, 0, 0, 0, 0]'),
(93, 0, 93, '[0, 9300, 9300, 9300, 9300, 1, 0, 0, 0, 0, 0]'),
(94, 0, 94, '[0, 9400, 9400, 9400, 9400, 1, 0, 0, 0, 0, 0]'),
(95, 0, 95, '[0, 9500, 9500, 9500, 9500, 1, 0, 0, 0, 0, 0]'),
(96, 0, 96, '[0, 9600, 9600, 9600, 9600, 1, 0, 0, 0, 0, 0]'),
(97, 0, 97, '[0, 9700, 9700, 9700, 9700, 1, 0, 0, 0, 0, 0]'),
(98, 0, 98, '[0, 9800, 9800, 9800, 9800, 1, 0, 0, 0, 0, 0]'),
(99, 0, 99, '[0, 9900, 9900, 9900, 9900, 1, 0, 0, 0, 0, 0]'),
(100, 0, 100, '[0, 10000, 10000, 10000, 10000, 1, 0, 0, 0, 0, 0]'),
(16777217, 1, 1, '[0, 100, 100, 100, 100, 1, 0, 0, 0, 0, 0]'),
(16777218, 1, 2, '[0, 200, 200, 200, 200, 1, 0, 0, 0, 0, 0]'),
(16777219, 1, 3, '[0, 300, 300, 300, 300, 1, 0, 0, 0, 0, 0]'),
(16777220, 1, 4, '[0, 400, 400, 400, 400, 1, 0, 0, 0, 0, 0]'),
(16777221, 1, 5, '[0, 500, 500, 500, 500, 1, 0, 0, 0, 0, 0]'),
(16777222, 1, 6, '[0, 600, 600, 600, 600, 1, 0, 0, 0, 0, 0]'),
(16777223, 1, 7, '[0, 700, 700, 700, 700, 1, 0, 0, 0, 0, 0]'),
(16777224, 1, 8, '[0, 800, 800, 800, 800, 1, 0, 0, 0, 0, 0]'),
(16777225, 1, 9, '[0, 900, 900, 900, 900, 1, 0, 0, 0, 0, 0]'),
(16777226, 1, 10, '[0, 1000, 1000, 1000, 1000, 1, 0, 0, 0, 0, 0]'),
(16777227, 1, 11, '[0, 1100, 1100, 1100, 1100, 1, 0, 0, 0, 0, 0]'),
(16777228, 1, 12, '[0, 1200, 1200, 1200, 1200, 1, 0, 0, 0, 0, 0]'),
(16777229, 1, 13, '[0, 1300, 1300, 1300, 1300, 1, 0, 0, 0, 0, 0]'),
(16777230, 1, 14, '[0, 1400, 1400, 1400, 1400, 1, 0, 0, 0, 0, 0]'),
(16777231, 1, 15, '[0, 1500, 1500, 1500, 1500, 1, 0, 0, 0, 0, 0]'),
(16777232, 1, 16, '[0, 1600, 1600, 1600, 1600, 1, 0, 0, 0, 0, 0]'),
(16777233, 1, 17, '[0, 1700, 1700, 1700, 1700, 1, 0, 0, 0, 0, 0]'),
(16777234, 1, 18, '[0, 1800, 1800, 1800, 1800, 1, 0, 0, 0, 0, 0]'),
(16777235, 1, 19, '[0, 1900, 1900, 1900, 1900, 1, 0, 0, 0, 0, 0]'),
(16777236, 1, 20, '[0, 2000, 2000, 2000, 2000, 1, 0, 0, 0, 0, 0]'),
(16777237, 1, 21, '[0, 2100, 2100, 2100, 2100, 1, 0, 0, 0, 0, 0]'),
(16777238, 1, 22, '[0, 2200, 2200, 2200, 2200, 1, 0, 0, 0, 0, 0]'),
(16777239, 1, 23, '[0, 2300, 2300, 2300, 2300, 1, 0, 0, 0, 0, 0]'),
(16777240, 1, 24, '[0, 2400, 2400, 2400, 2400, 1, 0, 0, 0, 0, 0]'),
(16777241, 1, 25, '[0, 2500, 2500, 2500, 2500, 1, 0, 0, 0, 0, 0]'),
(16777242, 1, 26, '[0, 2600, 2600, 2600, 2600, 1, 0, 0, 0, 0, 0]'),
(16777243, 1, 27, '[0, 2700, 2700, 2700, 2700, 1, 0, 0, 0, 0, 0]'),
(16777244, 1, 28, '[0, 2800, 2800, 2800, 2800, 1, 0, 0, 0, 0, 0]'),
(16777245, 1, 29, '[0, 2900, 2900, 2900, 2900, 1, 0, 0, 0, 0, 0]'),
(16777246, 1, 30, '[0, 3000, 3000, 3000, 3000, 1, 0, 0, 0, 0, 0]'),
(16777247, 1, 31, '[0, 3100, 3100, 3100, 3100, 1, 0, 0, 0, 0, 0]'),
(16777248, 1, 32, '[0, 3200, 3200, 3200, 3200, 1, 0, 0, 0, 0, 0]'),
(16777249, 1, 33, '[0, 3300, 3300, 3300, 3300, 1, 0, 0, 0, 0, 0]'),
(16777250, 1, 34, '[0, 3400, 3400, 3400, 3400, 1, 0, 0, 0, 0, 0]'),
(16777251, 1, 35, '[0, 3500, 3500, 3500, 3500, 1, 0, 0, 0, 0, 0]'),
(16777252, 1, 36, '[0, 3600, 3600, 3600, 3600, 1, 0, 0, 0, 0, 0]'),
(16777253, 1, 37, '[0, 3700, 3700, 3700, 3700, 1, 0, 0, 0, 0, 0]'),
(16777254, 1, 38, '[0, 3800, 3800, 3800, 3800, 1, 0, 0, 0, 0, 0]'),
(16777255, 1, 39, '[0, 3900, 3900, 3900, 3900, 1, 0, 0, 0, 0, 0]'),
(16777256, 1, 40, '[0, 4000, 4000, 4000, 4000, 1, 0, 0, 0, 0, 0]'),
(16777257, 1, 41, '[0, 4100, 4100, 4100, 4100, 1, 0, 0, 0, 0, 0]'),
(16777258, 1, 42, '[0, 4200, 4200, 4200, 4200, 1, 0, 0, 0, 0, 0]'),
(16777259, 1, 43, '[0, 4300, 4300, 4300, 4300, 1, 0, 0, 0, 0, 0]'),
(16777260, 1, 44, '[0, 4400, 4400, 4400, 4400, 1, 0, 0, 0, 0, 0]'),
(16777261, 1, 45, '[0, 4500, 4500, 4500, 4500, 1, 0, 0, 0, 0, 0]'),
(16777262, 1, 46, '[0, 4600, 4600, 4600, 4600, 1, 0, 0, 0, 0, 0]'),
(16777263, 1, 47, '[0, 4700, 4700, 4700, 4700, 1, 0, 0, 0, 0, 0]'),
(16777264, 1, 48, '[0, 4800, 4800, 4800, 4800, 1, 0, 0, 0, 0, 0]'),
(16777265, 1, 49, '[0, 4900, 4900, 4900, 4900, 1, 0, 0, 0, 0, 0]'),
(16777266, 1, 50, '[0, 5000, 5000, 5000, 5000, 1, 0, 0, 0, 0, 0]'),
(16777267, 1, 51, '[0, 5100, 5100, 5100, 5100, 1, 0, 0, 0, 0, 0]'),
(16777268, 1, 52, '[0, 5200, 5200, 5200, 5200, 1, 0, 0, 0, 0, 0]'),
(16777269, 1, 53, '[0, 5300, 5300, 5300, 5300, 1, 0, 0, 0, 0, 0]'),
(16777270, 1, 54, '[0, 5400, 5400, 5400, 5400, 1, 0, 0, 0, 0, 0]'),
(16777271, 1, 55, '[0, 5500, 5500, 5500, 5500, 1, 0, 0, 0, 0, 0]'),
(16777272, 1, 56, '[0, 5600, 5600, 5600, 5600, 1, 0, 0, 0, 0, 0]'),
(16777273, 1, 57, '[0, 5700, 5700, 5700, 5700, 1, 0, 0, 0, 0, 0]'),
(16777274, 1, 58, '[0, 5800, 5800, 5800, 5800, 1, 0, 0, 0, 0, 0]'),
(16777275, 1, 59, '[0, 5900, 5900, 5900, 5900, 1, 0, 0, 0, 0, 0]'),
(16777276, 1, 60, '[0, 6000, 6000, 6000, 6000, 1, 0, 0, 0, 0, 0]'),
(16777277, 1, 61, '[0, 6100, 6100, 6100, 6100, 1, 0, 0, 0, 0, 0]'),
(16777278, 1, 62, '[0, 6200, 6200, 6200, 6200, 1, 0, 0, 0, 0, 0]'),
(16777279, 1, 63, '[0, 6300, 6300, 6300, 6300, 1, 0, 0, 0, 0, 0]'),
(16777280, 1, 64, '[0, 6400, 6400, 6400, 6400, 1, 0, 0, 0, 0, 0]'),
(16777281, 1, 65, '[0, 6500, 6500, 6500, 6500, 1, 0, 0, 0, 0, 0]'),
(16777282, 1, 66, '[0, 6600, 6600, 6600, 6600, 1, 0, 0, 0, 0, 0]'),
(16777283, 1, 67, '[0, 6700, 6700, 6700, 6700, 1, 0, 0, 0, 0, 0]'),
(16777284, 1, 68, '[0, 6800, 6800, 6800, 6800, 1, 0, 0, 0, 0, 0]'),
(16777285, 1, 69, '[0, 6900, 6900, 6900, 6900, 1, 0, 0, 0, 0, 0]'),
(16777286, 1, 70, '[0, 7000, 7000, 7000, 7000, 1, 0, 0, 0, 0, 0]'),
(16777287, 1, 71, '[0, 7100, 7100, 7100, 7100, 1, 0, 0, 0, 0, 0]'),
(16777288, 1, 72, '[0, 7200, 7200, 7200, 7200, 1, 0, 0, 0, 0, 0]'),
(16777289, 1, 73, '[0, 7300, 7300, 7300, 7300, 1, 0, 0, 0, 0, 0]'),
(16777290, 1, 74, '[0, 7400, 7400, 7400, 7400, 1, 0, 0, 0, 0, 0]'),
(16777291, 1, 75, '[0, 7500, 7500, 7500, 7500, 1, 0, 0, 0, 0, 0]'),
(16777292, 1, 76, '[0, 7600, 7600, 7600, 7600, 1, 0, 0, 0, 0, 0]'),
(16777293, 1, 77, '[0, 7700, 7700, 7700, 7700, 1, 0, 0, 0, 0, 0]'),
(16777294, 1, 78, '[0, 7800, 7800, 7800, 7800, 1, 0, 0, 0, 0, 0]'),
(16777295, 1, 79, '[0, 7900, 7900, 7900, 7900, 1, 0, 0, 0, 0, 0]'),
(16777296, 1, 80, '[0, 8000, 8000, 8000, 8000, 1, 0, 0, 0, 0, 0]'),
(16777297, 1, 81, '[0, 8100, 8100, 8100, 8100, 1, 0, 0, 0, 0, 0]'),
(16777298, 1, 82, '[0, 8200, 8200, 8200, 8200, 1, 0, 0, 0, 0, 0]'),
(16777299, 1, 83, '[0, 8300, 8300, 8300, 8300, 1, 0, 0, 0, 0, 0]'),
(16777300, 1, 84, '[0, 8400, 8400, 8400, 8400, 1, 0, 0, 0, 0, 0]'),
(16777301, 1, 85, '[0, 8500, 8500, 8500, 8500, 1, 0, 0, 0, 0, 0]'),
(16777302, 1, 86, '[0, 8600, 8600, 8600, 8600, 1, 0, 0, 0, 0, 0]'),
(16777303, 1, 87, '[0, 8700, 8700, 8700, 8700, 1, 0, 0, 0, 0, 0]'),
(16777304, 1, 88, '[0, 8800, 8800, 8800, 8800, 1, 0, 0, 0, 0, 0]'),
(16777305, 1, 89, '[0, 8900, 8900, 8900, 8900, 1, 0, 0, 0, 0, 0]'),
(16777306, 1, 90, '[0, 9000, 9000, 9000, 9000, 1, 0, 0, 0, 0, 0]'),
(16777307, 1, 91, '[0, 9100, 9100, 9100, 9100, 1, 0, 0, 0, 0, 0]'),
(16777308, 1, 92, '[0, 9200, 9200, 9200, 9200, 1, 0, 0, 0, 0, 0]'),
(16777309, 1, 93, '[0, 9300, 9300, 9300, 9300, 1, 0, 0, 0, 0, 0]'),
(16777310, 1, 94, '[0, 9400, 9400, 9400, 9400, 1, 0, 0, 0, 0, 0]'),
(16777311, 1, 95, '[0, 9500, 9500, 9500, 9500, 1, 0, 0, 0, 0, 0]'),
(16777312, 1, 96, '[0, 9600, 9600, 9600, 9600, 1, 0, 0, 0, 0, 0]'),
(16777313, 1, 97, '[0, 9700, 9700, 9700, 9700, 1, 0, 0, 0, 0, 0]'),
(16777314, 1, 98, '[0, 9800, 9800, 9800, 9800, 1, 0, 0, 0, 0, 0]'),
(16777315, 1, 99, '[0, 9900, 9900, 9900, 9900, 1, 0, 0, 0, 0, 0]'),
(16777316, 1, 100, '[0, 10000, 10000, 10000, 10000, 1, 0, 0, 0, 0, 0]'),
(33554433, 2, 1, '[0, 100, 100, 100, 100, 1, 0, 0, 0, 0, 0]'),
(33554434, 2, 2, '[0, 200, 200, 200, 200, 1, 0, 0, 0, 0, 0]'),
(33554435, 2, 3, '[0, 300, 300, 300, 300, 1, 0, 0, 0, 0, 0]'),
(33554436, 2, 4, '[0, 400, 400, 400, 400, 1, 0, 0, 0, 0, 0]'),
(33554437, 2, 5, '[0, 500, 500, 500, 500, 1, 0, 0, 0, 0, 0]'),
(33554438, 2, 6, '[0, 600, 600, 600, 600, 1, 0, 0, 0, 0, 0]'),
(33554439, 2, 7, '[0, 700, 700, 700, 700, 1, 0, 0, 0, 0, 0]'),
(33554440, 2, 8, '[0, 800, 800, 800, 800, 1, 0, 0, 0, 0, 0]'),
(33554441, 2, 9, '[0, 900, 900, 900, 900, 1, 0, 0, 0, 0, 0]'),
(33554442, 2, 10, '[0, 1000, 1000, 1000, 1000, 1, 0, 0, 0, 0, 0]'),
(33554443, 2, 11, '[0, 1100, 1100, 1100, 1100, 1, 0, 0, 0, 0, 0]'),
(33554444, 2, 12, '[0, 1200, 1200, 1200, 1200, 1, 0, 0, 0, 0, 0]'),
(33554445, 2, 13, '[0, 1300, 1300, 1300, 1300, 1, 0, 0, 0, 0, 0]'),
(33554446, 2, 14, '[0, 1400, 1400, 1400, 1400, 1, 0, 0, 0, 0, 0]'),
(33554447, 2, 15, '[0, 1500, 1500, 1500, 1500, 1, 0, 0, 0, 0, 0]'),
(33554448, 2, 16, '[0, 1600, 1600, 1600, 1600, 1, 0, 0, 0, 0, 0]'),
(33554449, 2, 17, '[0, 1700, 1700, 1700, 1700, 1, 0, 0, 0, 0, 0]'),
(33554450, 2, 18, '[0, 1800, 1800, 1800, 1800, 1, 0, 0, 0, 0, 0]'),
(33554451, 2, 19, '[0, 1900, 1900, 1900, 1900, 1, 0, 0, 0, 0, 0]'),
(33554452, 2, 20, '[0, 2000, 2000, 2000, 2000, 1, 0, 0, 0, 0, 0]'),
(33554453, 2, 21, '[0, 2100, 2100, 2100, 2100, 1, 0, 0, 0, 0, 0]'),
(33554454, 2, 22, '[0, 2200, 2200, 2200, 2200, 1, 0, 0, 0, 0, 0]'),
(33554455, 2, 23, '[0, 2300, 2300, 2300, 2300, 1, 0, 0, 0, 0, 0]'),
(33554456, 2, 24, '[0, 2400, 2400, 2400, 2400, 1, 0, 0, 0, 0, 0]'),
(33554457, 2, 25, '[0, 2500, 2500, 2500, 2500, 1, 0, 0, 0, 0, 0]'),
(33554458, 2, 26, '[0, 2600, 2600, 2600, 2600, 1, 0, 0, 0, 0, 0]'),
(33554459, 2, 27, '[0, 2700, 2700, 2700, 2700, 1, 0, 0, 0, 0, 0]'),
(33554460, 2, 28, '[0, 2800, 2800, 2800, 2800, 1, 0, 0, 0, 0, 0]'),
(33554461, 2, 29, '[0, 2900, 2900, 2900, 2900, 1, 0, 0, 0, 0, 0]'),
(33554462, 2, 30, '[0, 3000, 3000, 3000, 3000, 1, 0, 0, 0, 0, 0]'),
(33554463, 2, 31, '[0, 3100, 3100, 3100, 3100, 1, 0, 0, 0, 0, 0]'),
(33554464, 2, 32, '[0, 3200, 3200, 3200, 3200, 1, 0, 0, 0, 0, 0]'),
(33554465, 2, 33, '[0, 3300, 3300, 3300, 3300, 1, 0, 0, 0, 0, 0]'),
(33554466, 2, 34, '[0, 3400, 3400, 3400, 3400, 1, 0, 0, 0, 0, 0]'),
(33554467, 2, 35, '[0, 3500, 3500, 3500, 3500, 1, 0, 0, 0, 0, 0]'),
(33554468, 2, 36, '[0, 3600, 3600, 3600, 3600, 1, 0, 0, 0, 0, 0]'),
(33554469, 2, 37, '[0, 3700, 3700, 3700, 3700, 1, 0, 0, 0, 0, 0]'),
(33554470, 2, 38, '[0, 3800, 3800, 3800, 3800, 1, 0, 0, 0, 0, 0]'),
(33554471, 2, 39, '[0, 3900, 3900, 3900, 3900, 1, 0, 0, 0, 0, 0]'),
(33554472, 2, 40, '[0, 4000, 4000, 4000, 4000, 1, 0, 0, 0, 0, 0]'),
(33554473, 2, 41, '[0, 4100, 4100, 4100, 4100, 1, 0, 0, 0, 0, 0]'),
(33554474, 2, 42, '[0, 4200, 4200, 4200, 4200, 1, 0, 0, 0, 0, 0]'),
(33554475, 2, 43, '[0, 4300, 4300, 4300, 4300, 1, 0, 0, 0, 0, 0]'),
(33554476, 2, 44, '[0, 4400, 4400, 4400, 4400, 1, 0, 0, 0, 0, 0]'),
(33554477, 2, 45, '[0, 4500, 4500, 4500, 4500, 1, 0, 0, 0, 0, 0]'),
(33554478, 2, 46, '[0, 4600, 4600, 4600, 4600, 1, 0, 0, 0, 0, 0]'),
(33554479, 2, 47, '[0, 4700, 4700, 4700, 4700, 1, 0, 0, 0, 0, 0]'),
(33554480, 2, 48, '[0, 4800, 4800, 4800, 4800, 1, 0, 0, 0, 0, 0]'),
(33554481, 2, 49, '[0, 4900, 4900, 4900, 4900, 1, 0, 0, 0, 0, 0]'),
(33554482, 2, 50, '[0, 5000, 5000, 5000, 5000, 1, 0, 0, 0, 0, 0]'),
(33554483, 2, 51, '[0, 5100, 5100, 5100, 5100, 1, 0, 0, 0, 0, 0]'),
(33554484, 2, 52, '[0, 5200, 5200, 5200, 5200, 1, 0, 0, 0, 0, 0]'),
(33554485, 2, 53, '[0, 5300, 5300, 5300, 5300, 1, 0, 0, 0, 0, 0]'),
(33554486, 2, 54, '[0, 5400, 5400, 5400, 5400, 1, 0, 0, 0, 0, 0]'),
(33554487, 2, 55, '[0, 5500, 5500, 5500, 5500, 1, 0, 0, 0, 0, 0]'),
(33554488, 2, 56, '[0, 5600, 5600, 5600, 5600, 1, 0, 0, 0, 0, 0]'),
(33554489, 2, 57, '[0, 5700, 5700, 5700, 5700, 1, 0, 0, 0, 0, 0]'),
(33554490, 2, 58, '[0, 5800, 5800, 5800, 5800, 1, 0, 0, 0, 0, 0]'),
(33554491, 2, 59, '[0, 5900, 5900, 5900, 5900, 1, 0, 0, 0, 0, 0]'),
(33554492, 2, 60, '[0, 6000, 6000, 6000, 6000, 1, 0, 0, 0, 0, 0]'),
(33554493, 2, 61, '[0, 6100, 6100, 6100, 6100, 1, 0, 0, 0, 0, 0]'),
(33554494, 2, 62, '[0, 6200, 6200, 6200, 6200, 1, 0, 0, 0, 0, 0]'),
(33554495, 2, 63, '[0, 6300, 6300, 6300, 6300, 1, 0, 0, 0, 0, 0]'),
(33554496, 2, 64, '[0, 6400, 6400, 6400, 6400, 1, 0, 0, 0, 0, 0]'),
(33554497, 2, 65, '[0, 6500, 6500, 6500, 6500, 1, 0, 0, 0, 0, 0]'),
(33554498, 2, 66, '[0, 6600, 6600, 6600, 6600, 1, 0, 0, 0, 0, 0]'),
(33554499, 2, 67, '[0, 6700, 6700, 6700, 6700, 1, 0, 0, 0, 0, 0]'),
(33554500, 2, 68, '[0, 6800, 6800, 6800, 6800, 1, 0, 0, 0, 0, 0]'),
(33554501, 2, 69, '[0, 6900, 6900, 6900, 6900, 1, 0, 0, 0, 0, 0]'),
(33554502, 2, 70, '[0, 7000, 7000, 7000, 7000, 1, 0, 0, 0, 0, 0]'),
(33554503, 2, 71, '[0, 7100, 7100, 7100, 7100, 1, 0, 0, 0, 0, 0]'),
(33554504, 2, 72, '[0, 7200, 7200, 7200, 7200, 1, 0, 0, 0, 0, 0]'),
(33554505, 2, 73, '[0, 7300, 7300, 7300, 7300, 1, 0, 0, 0, 0, 0]'),
(33554506, 2, 74, '[0, 7400, 7400, 7400, 7400, 1, 0, 0, 0, 0, 0]'),
(33554507, 2, 75, '[0, 7500, 7500, 7500, 7500, 1, 0, 0, 0, 0, 0]'),
(33554508, 2, 76, '[0, 7600, 7600, 7600, 7600, 1, 0, 0, 0, 0, 0]'),
(33554509, 2, 77, '[0, 7700, 7700, 7700, 7700, 1, 0, 0, 0, 0, 0]'),
(33554510, 2, 78, '[0, 7800, 7800, 7800, 7800, 1, 0, 0, 0, 0, 0]'),
(33554511, 2, 79, '[0, 7900, 7900, 7900, 7900, 1, 0, 0, 0, 0, 0]'),
(33554512, 2, 80, '[0, 8000, 8000, 8000, 8000, 1, 0, 0, 0, 0, 0]'),
(33554513, 2, 81, '[0, 8100, 8100, 8100, 8100, 1, 0, 0, 0, 0, 0]'),
(33554514, 2, 82, '[0, 8200, 8200, 8200, 8200, 1, 0, 0, 0, 0, 0]'),
(33554515, 2, 83, '[0, 8300, 8300, 8300, 8300, 1, 0, 0, 0, 0, 0]'),
(33554516, 2, 84, '[0, 8400, 8400, 8400, 8400, 1, 0, 0, 0, 0, 0]'),
(33554517, 2, 85, '[0, 8500, 8500, 8500, 8500, 1, 0, 0, 0, 0, 0]'),
(33554518, 2, 86, '[0, 8600, 8600, 8600, 8600, 1, 0, 0, 0, 0, 0]'),
(33554519, 2, 87, '[0, 8700, 8700, 8700, 8700, 1, 0, 0, 0, 0, 0]'),
(33554520, 2, 88, '[0, 8800, 8800, 8800, 8800, 1, 0, 0, 0, 0, 0]'),
(33554521, 2, 89, '[0, 8900, 8900, 8900, 8900, 1, 0, 0, 0, 0, 0]'),
(33554522, 2, 90, '[0, 9000, 9000, 9000, 9000, 1, 0, 0, 0, 0, 0]'),
(33554523, 2, 91, '[0, 9100, 9100, 9100, 9100, 1, 0, 0, 0, 0, 0]'),
(33554524, 2, 92, '[0, 9200, 9200, 9200, 9200, 1, 0, 0, 0, 0, 0]'),
(33554525, 2, 93, '[0, 9300, 9300, 9300, 9300, 1, 0, 0, 0, 0, 0]'),
(33554526, 2, 94, '[0, 9400, 9400, 9400, 9400, 1, 0, 0, 0, 0, 0]'),
(33554527, 2, 95, '[0, 9500, 9500, 9500, 9500, 1, 0, 0, 0, 0, 0]'),
(33554528, 2, 96, '[0, 9600, 9600, 9600, 9600, 1, 0, 0, 0, 0, 0]'),
(33554529, 2, 97, '[0, 9700, 9700, 9700, 9700, 1, 0, 0, 0, 0, 0]'),
(33554530, 2, 98, '[0, 9800, 9800, 9800, 9800, 1, 0, 0, 0, 0, 0]'),
(33554531, 2, 99, '[0, 9900, 9900, 9900, 9900, 1, 0, 0, 0, 0, 0]'),
(33554532, 2, 100, '[0, 10000, 10000, 10000, 10000, 1, 0, 0, 0, 0, 0]'),
(50331649, 3, 1, '[0, 100, 100, 100, 100, 1, 0, 0, 0, 0, 0]'),
(50331650, 3, 2, '[0, 200, 200, 200, 200, 1, 0, 0, 0, 0, 0]'),
(50331651, 3, 3, '[0, 300, 300, 300, 300, 1, 0, 0, 0, 0, 0]'),
(50331652, 3, 4, '[0, 400, 400, 400, 400, 1, 0, 0, 0, 0, 0]'),
(50331653, 3, 5, '[0, 500, 500, 500, 500, 1, 0, 0, 0, 0, 0]'),
(50331654, 3, 6, '[0, 600, 600, 600, 600, 1, 0, 0, 0, 0, 0]'),
(50331655, 3, 7, '[0, 700, 700, 700, 700, 1, 0, 0, 0, 0, 0]'),
(50331656, 3, 8, '[0, 800, 800, 800, 800, 1, 0, 0, 0, 0, 0]'),
(50331657, 3, 9, '[0, 900, 900, 900, 900, 1, 0, 0, 0, 0, 0]'),
(50331658, 3, 10, '[0, 1000, 1000, 1000, 1000, 1, 0, 0, 0, 0, 0]'),
(50331659, 3, 11, '[0, 1100, 1100, 1100, 1100, 1, 0, 0, 0, 0, 0]'),
(50331660, 3, 12, '[0, 1200, 1200, 1200, 1200, 1, 0, 0, 0, 0, 0]'),
(50331661, 3, 13, '[0, 1300, 1300, 1300, 1300, 1, 0, 0, 0, 0, 0]'),
(50331662, 3, 14, '[0, 1400, 1400, 1400, 1400, 1, 0, 0, 0, 0, 0]'),
(50331663, 3, 15, '[0, 1500, 1500, 1500, 1500, 1, 0, 0, 0, 0, 0]'),
(50331664, 3, 16, '[0, 1600, 1600, 1600, 1600, 1, 0, 0, 0, 0, 0]'),
(50331665, 3, 17, '[0, 1700, 1700, 1700, 1700, 1, 0, 0, 0, 0, 0]'),
(50331666, 3, 18, '[0, 1800, 1800, 1800, 1800, 1, 0, 0, 0, 0, 0]'),
(50331667, 3, 19, '[0, 1900, 1900, 1900, 1900, 1, 0, 0, 0, 0, 0]'),
(50331668, 3, 20, '[0, 2000, 2000, 2000, 2000, 1, 0, 0, 0, 0, 0]'),
(50331669, 3, 21, '[0, 2100, 2100, 2100, 2100, 1, 0, 0, 0, 0, 0]'),
(50331670, 3, 22, '[0, 2200, 2200, 2200, 2200, 1, 0, 0, 0, 0, 0]'),
(50331671, 3, 23, '[0, 2300, 2300, 2300, 2300, 1, 0, 0, 0, 0, 0]'),
(50331672, 3, 24, '[0, 2400, 2400, 2400, 2400, 1, 0, 0, 0, 0, 0]'),
(50331673, 3, 25, '[0, 2500, 2500, 2500, 2500, 1, 0, 0, 0, 0, 0]'),
(50331674, 3, 26, '[0, 2600, 2600, 2600, 2600, 1, 0, 0, 0, 0, 0]'),
(50331675, 3, 27, '[0, 2700, 2700, 2700, 2700, 1, 0, 0, 0, 0, 0]'),
(50331676, 3, 28, '[0, 2800, 2800, 2800, 2800, 1, 0, 0, 0, 0, 0]'),
(50331677, 3, 29, '[0, 2900, 2900, 2900, 2900, 1, 0, 0, 0, 0, 0]'),
(50331678, 3, 30, '[0, 3000, 3000, 3000, 3000, 1, 0, 0, 0, 0, 0]'),
(50331679, 3, 31, '[0, 3100, 3100, 3100, 3100, 1, 0, 0, 0, 0, 0]'),
(50331680, 3, 32, '[0, 3200, 3200, 3200, 3200, 1, 0, 0, 0, 0, 0]'),
(50331681, 3, 33, '[0, 3300, 3300, 3300, 3300, 1, 0, 0, 0, 0, 0]'),
(50331682, 3, 34, '[0, 3400, 3400, 3400, 3400, 1, 0, 0, 0, 0, 0]'),
(50331683, 3, 35, '[0, 3500, 3500, 3500, 3500, 1, 0, 0, 0, 0, 0]'),
(50331684, 3, 36, '[0, 3600, 3600, 3600, 3600, 1, 0, 0, 0, 0, 0]'),
(50331685, 3, 37, '[0, 3700, 3700, 3700, 3700, 1, 0, 0, 0, 0, 0]'),
(50331686, 3, 38, '[0, 3800, 3800, 3800, 3800, 1, 0, 0, 0, 0, 0]'),
(50331687, 3, 39, '[0, 3900, 3900, 3900, 3900, 1, 0, 0, 0, 0, 0]'),
(50331688, 3, 40, '[0, 4000, 4000, 4000, 4000, 1, 0, 0, 0, 0, 0]'),
(50331689, 3, 41, '[0, 4100, 4100, 4100, 4100, 1, 0, 0, 0, 0, 0]'),
(50331690, 3, 42, '[0, 4200, 4200, 4200, 4200, 1, 0, 0, 0, 0, 0]'),
(50331691, 3, 43, '[0, 4300, 4300, 4300, 4300, 1, 0, 0, 0, 0, 0]'),
(50331692, 3, 44, '[0, 4400, 4400, 4400, 4400, 1, 0, 0, 0, 0, 0]'),
(50331693, 3, 45, '[0, 4500, 4500, 4500, 4500, 1, 0, 0, 0, 0, 0]'),
(50331694, 3, 46, '[0, 4600, 4600, 4600, 4600, 1, 0, 0, 0, 0, 0]'),
(50331695, 3, 47, '[0, 4700, 4700, 4700, 4700, 1, 0, 0, 0, 0, 0]'),
(50331696, 3, 48, '[0, 4800, 4800, 4800, 4800, 1, 0, 0, 0, 0, 0]'),
(50331697, 3, 49, '[0, 4900, 4900, 4900, 4900, 1, 0, 0, 0, 0, 0]'),
(50331698, 3, 50, '[0, 5000, 5000, 5000, 5000, 1, 0, 0, 0, 0, 0]'),
(50331699, 3, 51, '[0, 5100, 5100, 5100, 5100, 1, 0, 0, 0, 0, 0]'),
(50331700, 3, 52, '[0, 5200, 5200, 5200, 5200, 1, 0, 0, 0, 0, 0]'),
(50331701, 3, 53, '[0, 5300, 5300, 5300, 5300, 1, 0, 0, 0, 0, 0]'),
(50331702, 3, 54, '[0, 5400, 5400, 5400, 5400, 1, 0, 0, 0, 0, 0]'),
(50331703, 3, 55, '[0, 5500, 5500, 5500, 5500, 1, 0, 0, 0, 0, 0]'),
(50331704, 3, 56, '[0, 5600, 5600, 5600, 5600, 1, 0, 0, 0, 0, 0]'),
(50331705, 3, 57, '[0, 5700, 5700, 5700, 5700, 1, 0, 0, 0, 0, 0]'),
(50331706, 3, 58, '[0, 5800, 5800, 5800, 5800, 1, 0, 0, 0, 0, 0]'),
(50331707, 3, 59, '[0, 5900, 5900, 5900, 5900, 1, 0, 0, 0, 0, 0]'),
(50331708, 3, 60, '[0, 6000, 6000, 6000, 6000, 1, 0, 0, 0, 0, 0]'),
(50331709, 3, 61, '[0, 6100, 6100, 6100, 6100, 1, 0, 0, 0, 0, 0]'),
(50331710, 3, 62, '[0, 6200, 6200, 6200, 6200, 1, 0, 0, 0, 0, 0]'),
(50331711, 3, 63, '[0, 6300, 6300, 6300, 6300, 1, 0, 0, 0, 0, 0]'),
(50331712, 3, 64, '[0, 6400, 6400, 6400, 6400, 1, 0, 0, 0, 0, 0]'),
(50331713, 3, 65, '[0, 6500, 6500, 6500, 6500, 1, 0, 0, 0, 0, 0]'),
(50331714, 3, 66, '[0, 6600, 6600, 6600, 6600, 1, 0, 0, 0, 0, 0]'),
(50331715, 3, 67, '[0, 6700, 6700, 6700, 6700, 1, 0, 0, 0, 0, 0]'),
(50331716, 3, 68, '[0, 6800, 6800, 6800, 6800, 1, 0, 0, 0, 0, 0]'),
(50331717, 3, 69, '[0, 6900, 6900, 6900, 6900, 1, 0, 0, 0, 0, 0]'),
(50331718, 3, 70, '[0, 7000, 7000, 7000, 7000, 1, 0, 0, 0, 0, 0]'),
(50331719, 3, 71, '[0, 7100, 7100, 7100, 7100, 1, 0, 0, 0, 0, 0]'),
(50331720, 3, 72, '[0, 7200, 7200, 7200, 7200, 1, 0, 0, 0, 0, 0]'),
(50331721, 3, 73, '[0, 7300, 7300, 7300, 7300, 1, 0, 0, 0, 0, 0]'),
(50331722, 3, 74, '[0, 7400, 7400, 7400, 7400, 1, 0, 0, 0, 0, 0]'),
(50331723, 3, 75, '[0, 7500, 7500, 7500, 7500, 1, 0, 0, 0, 0, 0]'),
(50331724, 3, 76, '[0, 7600, 7600, 7600, 7600, 1, 0, 0, 0, 0, 0]'),
(50331725, 3, 77, '[0, 7700, 7700, 7700, 7700, 1, 0, 0, 0, 0, 0]'),
(50331726, 3, 78, '[0, 7800, 7800, 7800, 7800, 1, 0, 0, 0, 0, 0]'),
(50331727, 3, 79, '[0, 7900, 7900, 7900, 7900, 1, 0, 0, 0, 0, 0]'),
(50331728, 3, 80, '[0, 8000, 8000, 8000, 8000, 1, 0, 0, 0, 0, 0]'),
(50331729, 3, 81, '[0, 8100, 8100, 8100, 8100, 1, 0, 0, 0, 0, 0]'),
(50331730, 3, 82, '[0, 8200, 8200, 8200, 8200, 1, 0, 0, 0, 0, 0]'),
(50331731, 3, 83, '[0, 8300, 8300, 8300, 8300, 1, 0, 0, 0, 0, 0]'),
(50331732, 3, 84, '[0, 8400, 8400, 8400, 8400, 1, 0, 0, 0, 0, 0]'),
(50331733, 3, 85, '[0, 8500, 8500, 8500, 8500, 1, 0, 0, 0, 0, 0]'),
(50331734, 3, 86, '[0, 8600, 8600, 8600, 8600, 1, 0, 0, 0, 0, 0]'),
(50331735, 3, 87, '[0, 8700, 8700, 8700, 8700, 1, 0, 0, 0, 0, 0]'),
(50331736, 3, 88, '[0, 8800, 8800, 8800, 8800, 1, 0, 0, 0, 0, 0]'),
(50331737, 3, 89, '[0, 8900, 8900, 8900, 8900, 1, 0, 0, 0, 0, 0]'),
(50331738, 3, 90, '[0, 9000, 9000, 9000, 9000, 1, 0, 0, 0, 0, 0]'),
(50331739, 3, 91, '[0, 9100, 9100, 9100, 9100, 1, 0, 0, 0, 0, 0]'),
(50331740, 3, 92, '[0, 9200, 9200, 9200, 9200, 1, 0, 0, 0, 0, 0]'),
(50331741, 3, 93, '[0, 9300, 9300, 9300, 9300, 1, 0, 0, 0, 0, 0]'),
(50331742, 3, 94, '[0, 9400, 9400, 9400, 9400, 1, 0, 0, 0, 0, 0]'),
(50331743, 3, 95, '[0, 9500, 9500, 9500, 9500, 1, 0, 0, 0, 0, 0]'),
(50331744, 3, 96, '[0, 9600, 9600, 9600, 9600, 1, 0, 0, 0, 0, 0]'),
(50331745, 3, 97, '[0, 9700, 9700, 9700, 9700, 1, 0, 0, 0, 0, 0]'),
(50331746, 3, 98, '[0, 9800, 9800, 9800, 9800, 1, 0, 0, 0, 0, 0]'),
(50331747, 3, 99, '[0, 9900, 9900, 9900, 9900, 1, 0, 0, 0, 0, 0]'),
(50331748, 3, 100, '[0, 10000, 10000, 10000, 10000, 1, 0, 0, 0, 0, 0]'),
(67108865, 4, 1, '[0, 100, 100, 100, 100, 1, 0, 0, 0, 0, 0]'),
(67108866, 4, 2, '[0, 200, 200, 200, 200, 1, 0, 0, 0, 0, 0]'),
(67108867, 4, 3, '[0, 300, 300, 300, 300, 1, 0, 0, 0, 0, 0]'),
(67108868, 4, 4, '[0, 400, 400, 400, 400, 1, 0, 0, 0, 0, 0]'),
(67108869, 4, 5, '[0, 500, 500, 500, 500, 1, 0, 0, 0, 0, 0]'),
(67108870, 4, 6, '[0, 600, 600, 600, 600, 1, 0, 0, 0, 0, 0]'),
(67108871, 4, 7, '[0, 700, 700, 700, 700, 1, 0, 0, 0, 0, 0]'),
(67108872, 4, 8, '[0, 800, 800, 800, 800, 1, 0, 0, 0, 0, 0]'),
(67108873, 4, 9, '[0, 900, 900, 900, 900, 1, 0, 0, 0, 0, 0]'),
(67108874, 4, 10, '[0, 1000, 1000, 1000, 1000, 1, 0, 0, 0, 0, 0]'),
(67108875, 4, 11, '[0, 1100, 1100, 1100, 1100, 1, 0, 0, 0, 0, 0]'),
(67108876, 4, 12, '[0, 1200, 1200, 1200, 1200, 1, 0, 0, 0, 0, 0]'),
(67108877, 4, 13, '[0, 1300, 1300, 1300, 1300, 1, 0, 0, 0, 0, 0]'),
(67108878, 4, 14, '[0, 1400, 1400, 1400, 1400, 1, 0, 0, 0, 0, 0]'),
(67108879, 4, 15, '[0, 1500, 1500, 1500, 1500, 1, 0, 0, 0, 0, 0]'),
(67108880, 4, 16, '[0, 1600, 1600, 1600, 1600, 1, 0, 0, 0, 0, 0]'),
(67108881, 4, 17, '[0, 1700, 1700, 1700, 1700, 1, 0, 0, 0, 0, 0]'),
(67108882, 4, 18, '[0, 1800, 1800, 1800, 1800, 1, 0, 0, 0, 0, 0]'),
(67108883, 4, 19, '[0, 1900, 1900, 1900, 1900, 1, 0, 0, 0, 0, 0]'),
(67108884, 4, 20, '[0, 2000, 2000, 2000, 2000, 1, 0, 0, 0, 0, 0]'),
(67108885, 4, 21, '[0, 2100, 2100, 2100, 2100, 1, 0, 0, 0, 0, 0]'),
(67108886, 4, 22, '[0, 2200, 2200, 2200, 2200, 1, 0, 0, 0, 0, 0]'),
(67108887, 4, 23, '[0, 2300, 2300, 2300, 2300, 1, 0, 0, 0, 0, 0]'),
(67108888, 4, 24, '[0, 2400, 2400, 2400, 2400, 1, 0, 0, 0, 0, 0]'),
(67108889, 4, 25, '[0, 2500, 2500, 2500, 2500, 1, 0, 0, 0, 0, 0]'),
(67108890, 4, 26, '[0, 2600, 2600, 2600, 2600, 1, 0, 0, 0, 0, 0]'),
(67108891, 4, 27, '[0, 2700, 2700, 2700, 2700, 1, 0, 0, 0, 0, 0]'),
(67108892, 4, 28, '[0, 2800, 2800, 2800, 2800, 1, 0, 0, 0, 0, 0]'),
(67108893, 4, 29, '[0, 2900, 2900, 2900, 2900, 1, 0, 0, 0, 0, 0]'),
(67108894, 4, 30, '[0, 3000, 3000, 3000, 3000, 1, 0, 0, 0, 0, 0]'),
(67108895, 4, 31, '[0, 3100, 3100, 3100, 3100, 1, 0, 0, 0, 0, 0]'),
(67108896, 4, 32, '[0, 3200, 3200, 3200, 3200, 1, 0, 0, 0, 0, 0]'),
(67108897, 4, 33, '[0, 3300, 3300, 3300, 3300, 1, 0, 0, 0, 0, 0]'),
(67108898, 4, 34, '[0, 3400, 3400, 3400, 3400, 1, 0, 0, 0, 0, 0]'),
(67108899, 4, 35, '[0, 3500, 3500, 3500, 3500, 1, 0, 0, 0, 0, 0]'),
(67108900, 4, 36, '[0, 3600, 3600, 3600, 3600, 1, 0, 0, 0, 0, 0]'),
(67108901, 4, 37, '[0, 3700, 3700, 3700, 3700, 1, 0, 0, 0, 0, 0]'),
(67108902, 4, 38, '[0, 3800, 3800, 3800, 3800, 1, 0, 0, 0, 0, 0]'),
(67108903, 4, 39, '[0, 3900, 3900, 3900, 3900, 1, 0, 0, 0, 0, 0]'),
(67108904, 4, 40, '[0, 4000, 4000, 4000, 4000, 1, 0, 0, 0, 0, 0]'),
(67108905, 4, 41, '[0, 4100, 4100, 4100, 4100, 1, 0, 0, 0, 0, 0]'),
(67108906, 4, 42, '[0, 4200, 4200, 4200, 4200, 1, 0, 0, 0, 0, 0]'),
(67108907, 4, 43, '[0, 4300, 4300, 4300, 4300, 1, 0, 0, 0, 0, 0]'),
(67108908, 4, 44, '[0, 4400, 4400, 4400, 4400, 1, 0, 0, 0, 0, 0]'),
(67108909, 4, 45, '[0, 4500, 4500, 4500, 4500, 1, 0, 0, 0, 0, 0]'),
(67108910, 4, 46, '[0, 4600, 4600, 4600, 4600, 1, 0, 0, 0, 0, 0]'),
(67108911, 4, 47, '[0, 4700, 4700, 4700, 4700, 1, 0, 0, 0, 0, 0]'),
(67108912, 4, 48, '[0, 4800, 4800, 4800, 4800, 1, 0, 0, 0, 0, 0]'),
(67108913, 4, 49, '[0, 4900, 4900, 4900, 4900, 1, 0, 0, 0, 0, 0]'),
(67108914, 4, 50, '[0, 5000, 5000, 5000, 5000, 1, 0, 0, 0, 0, 0]'),
(67108915, 4, 51, '[0, 5100, 5100, 5100, 5100, 1, 0, 0, 0, 0, 0]'),
(67108916, 4, 52, '[0, 5200, 5200, 5200, 5200, 1, 0, 0, 0, 0, 0]'),
(67108917, 4, 53, '[0, 5300, 5300, 5300, 5300, 1, 0, 0, 0, 0, 0]'),
(67108918, 4, 54, '[0, 5400, 5400, 5400, 5400, 1, 0, 0, 0, 0, 0]'),
(67108919, 4, 55, '[0, 5500, 5500, 5500, 5500, 1, 0, 0, 0, 0, 0]'),
(67108920, 4, 56, '[0, 5600, 5600, 5600, 5600, 1, 0, 0, 0, 0, 0]'),
(67108921, 4, 57, '[0, 5700, 5700, 5700, 5700, 1, 0, 0, 0, 0, 0]'),
(67108922, 4, 58, '[0, 5800, 5800, 5800, 5800, 1, 0, 0, 0, 0, 0]'),
(67108923, 4, 59, '[0, 5900, 5900, 5900, 5900, 1, 0, 0, 0, 0, 0]'),
(67108924, 4, 60, '[0, 6000, 6000, 6000, 6000, 1, 0, 0, 0, 0, 0]'),
(67108925, 4, 61, '[0, 6100, 6100, 6100, 6100, 1, 0, 0, 0, 0, 0]'),
(67108926, 4, 62, '[0, 6200, 6200, 6200, 6200, 1, 0, 0, 0, 0, 0]'),
(67108927, 4, 63, '[0, 6300, 6300, 6300, 6300, 1, 0, 0, 0, 0, 0]'),
(67108928, 4, 64, '[0, 6400, 6400, 6400, 6400, 1, 0, 0, 0, 0, 0]'),
(67108929, 4, 65, '[0, 6500, 6500, 6500, 6500, 1, 0, 0, 0, 0, 0]'),
(67108930, 4, 66, '[0, 6600, 6600, 6600, 6600, 1, 0, 0, 0, 0, 0]'),
(67108931, 4, 67, '[0, 6700, 6700, 6700, 6700, 1, 0, 0, 0, 0, 0]'),
(67108932, 4, 68, '[0, 6800, 6800, 6800, 6800, 1, 0, 0, 0, 0, 0]'),
(67108933, 4, 69, '[0, 6900, 6900, 6900, 6900, 1, 0, 0, 0, 0, 0]'),
(67108934, 4, 70, '[0, 7000, 7000, 7000, 7000, 1, 0, 0, 0, 0, 0]'),
(67108935, 4, 71, '[0, 7100, 7100, 7100, 7100, 1, 0, 0, 0, 0, 0]'),
(67108936, 4, 72, '[0, 7200, 7200, 7200, 7200, 1, 0, 0, 0, 0, 0]'),
(67108937, 4, 73, '[0, 7300, 7300, 7300, 7300, 1, 0, 0, 0, 0, 0]'),
(67108938, 4, 74, '[0, 7400, 7400, 7400, 7400, 1, 0, 0, 0, 0, 0]'),
(67108939, 4, 75, '[0, 7500, 7500, 7500, 7500, 1, 0, 0, 0, 0, 0]'),
(67108940, 4, 76, '[0, 7600, 7600, 7600, 7600, 1, 0, 0, 0, 0, 0]'),
(67108941, 4, 77, '[0, 7700, 7700, 7700, 7700, 1, 0, 0, 0, 0, 0]'),
(67108942, 4, 78, '[0, 7800, 7800, 7800, 7800, 1, 0, 0, 0, 0, 0]'),
(67108943, 4, 79, '[0, 7900, 7900, 7900, 7900, 1, 0, 0, 0, 0, 0]'),
(67108944, 4, 80, '[0, 8000, 8000, 8000, 8000, 1, 0, 0, 0, 0, 0]'),
(67108945, 4, 81, '[0, 8100, 8100, 8100, 8100, 1, 0, 0, 0, 0, 0]'),
(67108946, 4, 82, '[0, 8200, 8200, 8200, 8200, 1, 0, 0, 0, 0, 0]'),
(67108947, 4, 83, '[0, 8300, 8300, 8300, 8300, 1, 0, 0, 0, 0, 0]'),
(67108948, 4, 84, '[0, 8400, 8400, 8400, 8400, 1, 0, 0, 0, 0, 0]'),
(67108949, 4, 85, '[0, 8500, 8500, 8500, 8500, 1, 0, 0, 0, 0, 0]'),
(67108950, 4, 86, '[0, 8600, 8600, 8600, 8600, 1, 0, 0, 0, 0, 0]'),
(67108951, 4, 87, '[0, 8700, 8700, 8700, 8700, 1, 0, 0, 0, 0, 0]'),
(67108952, 4, 88, '[0, 8800, 8800, 8800, 8800, 1, 0, 0, 0, 0, 0]'),
(67108953, 4, 89, '[0, 8900, 8900, 8900, 8900, 1, 0, 0, 0, 0, 0]'),
(67108954, 4, 90, '[0, 9000, 9000, 9000, 9000, 1, 0, 0, 0, 0, 0]'),
(67108955, 4, 91, '[0, 9100, 9100, 9100, 9100, 1, 0, 0, 0, 0, 0]'),
(67108956, 4, 92, '[0, 9200, 9200, 9200, 9200, 1, 0, 0, 0, 0, 0]'),
(67108957, 4, 93, '[0, 9300, 9300, 9300, 9300, 1, 0, 0, 0, 0, 0]'),
(67108958, 4, 94, '[0, 9400, 9400, 9400, 9400, 1, 0, 0, 0, 0, 0]'),
(67108959, 4, 95, '[0, 9500, 9500, 9500, 9500, 1, 0, 0, 0, 0, 0]'),
(67108960, 4, 96, '[0, 9600, 9600, 9600, 9600, 1, 0, 0, 0, 0, 0]'),
(67108961, 4, 97, '[0, 9700, 9700, 9700, 9700, 1, 0, 0, 0, 0, 0]'),
(67108962, 4, 98, '[0, 9800, 9800, 9800, 9800, 1, 0, 0, 0, 0, 0]'),
(67108963, 4, 99, '[0, 9900, 9900, 9900, 9900, 1, 0, 0, 0, 0, 0]'),
(67108964, 4, 100, '[0, 10000, 10000, 10000, 10000, 1, 0, 0, 0, 0, 0]'),
(83886081, 5, 1, '[0, 100, 100, 100, 100, 1, 0, 0, 0, 0, 0]'),
(83886082, 5, 2, '[0, 200, 200, 200, 200, 1, 0, 0, 0, 0, 0]'),
(83886083, 5, 3, '[0, 300, 300, 300, 300, 1, 0, 0, 0, 0, 0]'),
(83886084, 5, 4, '[0, 400, 400, 400, 400, 1, 0, 0, 0, 0, 0]'),
(83886085, 5, 5, '[0, 500, 500, 500, 500, 1, 0, 0, 0, 0, 0]'),
(83886086, 5, 6, '[0, 600, 600, 600, 600, 1, 0, 0, 0, 0, 0]'),
(83886087, 5, 7, '[0, 700, 700, 700, 700, 1, 0, 0, 0, 0, 0]'),
(83886088, 5, 8, '[0, 800, 800, 800, 800, 1, 0, 0, 0, 0, 0]'),
(83886089, 5, 9, '[0, 900, 900, 900, 900, 1, 0, 0, 0, 0, 0]'),
(83886090, 5, 10, '[0, 1000, 1000, 1000, 1000, 1, 0, 0, 0, 0, 0]'),
(83886091, 5, 11, '[0, 1100, 1100, 1100, 1100, 1, 0, 0, 0, 0, 0]'),
(83886092, 5, 12, '[0, 1200, 1200, 1200, 1200, 1, 0, 0, 0, 0, 0]'),
(83886093, 5, 13, '[0, 1300, 1300, 1300, 1300, 1, 0, 0, 0, 0, 0]'),
(83886094, 5, 14, '[0, 1400, 1400, 1400, 1400, 1, 0, 0, 0, 0, 0]'),
(83886095, 5, 15, '[0, 1500, 1500, 1500, 1500, 1, 0, 0, 0, 0, 0]'),
(83886096, 5, 16, '[0, 1600, 1600, 1600, 1600, 1, 0, 0, 0, 0, 0]'),
(83886097, 5, 17, '[0, 1700, 1700, 1700, 1700, 1, 0, 0, 0, 0, 0]'),
(83886098, 5, 18, '[0, 1800, 1800, 1800, 1800, 1, 0, 0, 0, 0, 0]'),
(83886099, 5, 19, '[0, 1900, 1900, 1900, 1900, 1, 0, 0, 0, 0, 0]'),
(83886100, 5, 20, '[0, 2000, 2000, 2000, 2000, 1, 0, 0, 0, 0, 0]'),
(83886101, 5, 21, '[0, 2100, 2100, 2100, 2100, 1, 0, 0, 0, 0, 0]'),
(83886102, 5, 22, '[0, 2200, 2200, 2200, 2200, 1, 0, 0, 0, 0, 0]'),
(83886103, 5, 23, '[0, 2300, 2300, 2300, 2300, 1, 0, 0, 0, 0, 0]'),
(83886104, 5, 24, '[0, 2400, 2400, 2400, 2400, 1, 0, 0, 0, 0, 0]'),
(83886105, 5, 25, '[0, 2500, 2500, 2500, 2500, 1, 0, 0, 0, 0, 0]'),
(83886106, 5, 26, '[0, 2600, 2600, 2600, 2600, 1, 0, 0, 0, 0, 0]'),
(83886107, 5, 27, '[0, 2700, 2700, 2700, 2700, 1, 0, 0, 0, 0, 0]'),
(83886108, 5, 28, '[0, 2800, 2800, 2800, 2800, 1, 0, 0, 0, 0, 0]'),
(83886109, 5, 29, '[0, 2900, 2900, 2900, 2900, 1, 0, 0, 0, 0, 0]'),
(83886110, 5, 30, '[0, 3000, 3000, 3000, 3000, 1, 0, 0, 0, 0, 0]'),
(83886111, 5, 31, '[0, 3100, 3100, 3100, 3100, 1, 0, 0, 0, 0, 0]'),
(83886112, 5, 32, '[0, 3200, 3200, 3200, 3200, 1, 0, 0, 0, 0, 0]'),
(83886113, 5, 33, '[0, 3300, 3300, 3300, 3300, 1, 0, 0, 0, 0, 0]'),
(83886114, 5, 34, '[0, 3400, 3400, 3400, 3400, 1, 0, 0, 0, 0, 0]'),
(83886115, 5, 35, '[0, 3500, 3500, 3500, 3500, 1, 0, 0, 0, 0, 0]'),
(83886116, 5, 36, '[0, 3600, 3600, 3600, 3600, 1, 0, 0, 0, 0, 0]'),
(83886117, 5, 37, '[0, 3700, 3700, 3700, 3700, 1, 0, 0, 0, 0, 0]'),
(83886118, 5, 38, '[0, 3800, 3800, 3800, 3800, 1, 0, 0, 0, 0, 0]'),
(83886119, 5, 39, '[0, 3900, 3900, 3900, 3900, 1, 0, 0, 0, 0, 0]'),
(83886120, 5, 40, '[0, 4000, 4000, 4000, 4000, 1, 0, 0, 0, 0, 0]'),
(83886121, 5, 41, '[0, 4100, 4100, 4100, 4100, 1, 0, 0, 0, 0, 0]'),
(83886122, 5, 42, '[0, 4200, 4200, 4200, 4200, 1, 0, 0, 0, 0, 0]'),
(83886123, 5, 43, '[0, 4300, 4300, 4300, 4300, 1, 0, 0, 0, 0, 0]'),
(83886124, 5, 44, '[0, 4400, 4400, 4400, 4400, 1, 0, 0, 0, 0, 0]'),
(83886125, 5, 45, '[0, 4500, 4500, 4500, 4500, 1, 0, 0, 0, 0, 0]'),
(83886126, 5, 46, '[0, 4600, 4600, 4600, 4600, 1, 0, 0, 0, 0, 0]'),
(83886127, 5, 47, '[0, 4700, 4700, 4700, 4700, 1, 0, 0, 0, 0, 0]'),
(83886128, 5, 48, '[0, 4800, 4800, 4800, 4800, 1, 0, 0, 0, 0, 0]'),
(83886129, 5, 49, '[0, 4900, 4900, 4900, 4900, 1, 0, 0, 0, 0, 0]'),
(83886130, 5, 50, '[0, 5000, 5000, 5000, 5000, 1, 0, 0, 0, 0, 0]'),
(83886131, 5, 51, '[0, 5100, 5100, 5100, 5100, 1, 0, 0, 0, 0, 0]'),
(83886132, 5, 52, '[0, 5200, 5200, 5200, 5200, 1, 0, 0, 0, 0, 0]'),
(83886133, 5, 53, '[0, 5300, 5300, 5300, 5300, 1, 0, 0, 0, 0, 0]'),
(83886134, 5, 54, '[0, 5400, 5400, 5400, 5400, 1, 0, 0, 0, 0, 0]'),
(83886135, 5, 55, '[0, 5500, 5500, 5500, 5500, 1, 0, 0, 0, 0, 0]'),
(83886136, 5, 56, '[0, 5600, 5600, 5600, 5600, 1, 0, 0, 0, 0, 0]'),
(83886137, 5, 57, '[0, 5700, 5700, 5700, 5700, 1, 0, 0, 0, 0, 0]'),
(83886138, 5, 58, '[0, 5800, 5800, 5800, 5800, 1, 0, 0, 0, 0, 0]'),
(83886139, 5, 59, '[0, 5900, 5900, 5900, 5900, 1, 0, 0, 0, 0, 0]'),
(83886140, 5, 60, '[0, 6000, 6000, 6000, 6000, 1, 0, 0, 0, 0, 0]'),
(83886141, 5, 61, '[0, 6100, 6100, 6100, 6100, 1, 0, 0, 0, 0, 0]'),
(83886142, 5, 62, '[0, 6200, 6200, 6200, 6200, 1, 0, 0, 0, 0, 0]'),
(83886143, 5, 63, '[0, 6300, 6300, 6300, 6300, 1, 0, 0, 0, 0, 0]'),
(83886144, 5, 64, '[0, 6400, 6400, 6400, 6400, 1, 0, 0, 0, 0, 0]'),
(83886145, 5, 65, '[0, 6500, 6500, 6500, 6500, 1, 0, 0, 0, 0, 0]'),
(83886146, 5, 66, '[0, 6600, 6600, 6600, 6600, 1, 0, 0, 0, 0, 0]'),
(83886147, 5, 67, '[0, 6700, 6700, 6700, 6700, 1, 0, 0, 0, 0, 0]'),
(83886148, 5, 68, '[0, 6800, 6800, 6800, 6800, 1, 0, 0, 0, 0, 0]'),
(83886149, 5, 69, '[0, 6900, 6900, 6900, 6900, 1, 0, 0, 0, 0, 0]'),
(83886150, 5, 70, '[0, 7000, 7000, 7000, 7000, 1, 0, 0, 0, 0, 0]'),
(83886151, 5, 71, '[0, 7100, 7100, 7100, 7100, 1, 0, 0, 0, 0, 0]'),
(83886152, 5, 72, '[0, 7200, 7200, 7200, 7200, 1, 0, 0, 0, 0, 0]'),
(83886153, 5, 73, '[0, 7300, 7300, 7300, 7300, 1, 0, 0, 0, 0, 0]'),
(83886154, 5, 74, '[0, 7400, 7400, 7400, 7400, 1, 0, 0, 0, 0, 0]'),
(83886155, 5, 75, '[0, 7500, 7500, 7500, 7500, 1, 0, 0, 0, 0, 0]'),
(83886156, 5, 76, '[0, 7600, 7600, 7600, 7600, 1, 0, 0, 0, 0, 0]'),
(83886157, 5, 77, '[0, 7700, 7700, 7700, 7700, 1, 0, 0, 0, 0, 0]'),
(83886158, 5, 78, '[0, 7800, 7800, 7800, 7800, 1, 0, 0, 0, 0, 0]'),
(83886159, 5, 79, '[0, 7900, 7900, 7900, 7900, 1, 0, 0, 0, 0, 0]'),
(83886160, 5, 80, '[0, 8000, 8000, 8000, 8000, 1, 0, 0, 0, 0, 0]'),
(83886161, 5, 81, '[0, 8100, 8100, 8100, 8100, 1, 0, 0, 0, 0, 0]'),
(83886162, 5, 82, '[0, 8200, 8200, 8200, 8200, 1, 0, 0, 0, 0, 0]'),
(83886163, 5, 83, '[0, 8300, 8300, 8300, 8300, 1, 0, 0, 0, 0, 0]'),
(83886164, 5, 84, '[0, 8400, 8400, 8400, 8400, 1, 0, 0, 0, 0, 0]'),
(83886165, 5, 85, '[0, 8500, 8500, 8500, 8500, 1, 0, 0, 0, 0, 0]'),
(83886166, 5, 86, '[0, 8600, 8600, 8600, 8600, 1, 0, 0, 0, 0, 0]'),
(83886167, 5, 87, '[0, 8700, 8700, 8700, 8700, 1, 0, 0, 0, 0, 0]'),
(83886168, 5, 88, '[0, 8800, 8800, 8800, 8800, 1, 0, 0, 0, 0, 0]'),
(83886169, 5, 89, '[0, 8900, 8900, 8900, 8900, 1, 0, 0, 0, 0, 0]'),
(83886170, 5, 90, '[0, 9000, 9000, 9000, 9000, 1, 0, 0, 0, 0, 0]'),
(83886171, 5, 91, '[0, 9100, 9100, 9100, 9100, 1, 0, 0, 0, 0, 0]'),
(83886172, 5, 92, '[0, 9200, 9200, 9200, 9200, 1, 0, 0, 0, 0, 0]'),
(83886173, 5, 93, '[0, 9300, 9300, 9300, 9300, 1, 0, 0, 0, 0, 0]'),
(83886174, 5, 94, '[0, 9400, 9400, 9400, 9400, 1, 0, 0, 0, 0, 0]'),
(83886175, 5, 95, '[0, 9500, 9500, 9500, 9500, 1, 0, 0, 0, 0, 0]'),
(83886176, 5, 96, '[0, 9600, 9600, 9600, 9600, 1, 0, 0, 0, 0, 0]'),
(83886177, 5, 97, '[0, 9700, 9700, 9700, 9700, 1, 0, 0, 0, 0, 0]'),
(83886178, 5, 98, '[0, 9800, 9800, 9800, 9800, 1, 0, 0, 0, 0, 0]'),
(83886179, 5, 99, '[0, 9900, 9900, 9900, 9900, 1, 0, 0, 0, 0, 0]'),
(83886180, 5, 100, '[0, 10000, 10000, 10000, 10000, 1, 0, 0, 0, 0, 0]'),
(100663297, 6, 1, '[0, 100, 100, 100, 100, 1, 0, 0, 0, 0, 0]'),
(100663298, 6, 2, '[0, 200, 200, 200, 200, 1, 0, 0, 0, 0, 0]'),
(100663299, 6, 3, '[0, 300, 300, 300, 300, 1, 0, 0, 0, 0, 0]'),
(100663300, 6, 4, '[0, 400, 400, 400, 400, 1, 0, 0, 0, 0, 0]'),
(100663301, 6, 5, '[0, 500, 500, 500, 500, 1, 0, 0, 0, 0, 0]'),
(100663302, 6, 6, '[0, 600, 600, 600, 600, 1, 0, 0, 0, 0, 0]'),
(100663303, 6, 7, '[0, 700, 700, 700, 700, 1, 0, 0, 0, 0, 0]'),
(100663304, 6, 8, '[0, 800, 800, 800, 800, 1, 0, 0, 0, 0, 0]'),
(100663305, 6, 9, '[0, 900, 900, 900, 900, 1, 0, 0, 0, 0, 0]'),
(100663306, 6, 10, '[0, 1000, 1000, 1000, 1000, 1, 0, 0, 0, 0, 0]'),
(100663307, 6, 11, '[0, 1100, 1100, 1100, 1100, 1, 0, 0, 0, 0, 0]'),
(100663308, 6, 12, '[0, 1200, 1200, 1200, 1200, 1, 0, 0, 0, 0, 0]'),
(100663309, 6, 13, '[0, 1300, 1300, 1300, 1300, 1, 0, 0, 0, 0, 0]'),
(100663310, 6, 14, '[0, 1400, 1400, 1400, 1400, 1, 0, 0, 0, 0, 0]'),
(100663311, 6, 15, '[0, 1500, 1500, 1500, 1500, 1, 0, 0, 0, 0, 0]'),
(100663312, 6, 16, '[0, 1600, 1600, 1600, 1600, 1, 0, 0, 0, 0, 0]'),
(100663313, 6, 17, '[0, 1700, 1700, 1700, 1700, 1, 0, 0, 0, 0, 0]'),
(100663314, 6, 18, '[0, 1800, 1800, 1800, 1800, 1, 0, 0, 0, 0, 0]'),
(100663315, 6, 19, '[0, 1900, 1900, 1900, 1900, 1, 0, 0, 0, 0, 0]'),
(100663316, 6, 20, '[0, 2000, 2000, 2000, 2000, 1, 0, 0, 0, 0, 0]'),
(100663317, 6, 21, '[0, 2100, 2100, 2100, 2100, 1, 0, 0, 0, 0, 0]'),
(100663318, 6, 22, '[0, 2200, 2200, 2200, 2200, 1, 0, 0, 0, 0, 0]'),
(100663319, 6, 23, '[0, 2300, 2300, 2300, 2300, 1, 0, 0, 0, 0, 0]'),
(100663320, 6, 24, '[0, 2400, 2400, 2400, 2400, 1, 0, 0, 0, 0, 0]'),
(100663321, 6, 25, '[0, 2500, 2500, 2500, 2500, 1, 0, 0, 0, 0, 0]'),
(100663322, 6, 26, '[0, 2600, 2600, 2600, 2600, 1, 0, 0, 0, 0, 0]'),
(100663323, 6, 27, '[0, 2700, 2700, 2700, 2700, 1, 0, 0, 0, 0, 0]'),
(100663324, 6, 28, '[0, 2800, 2800, 2800, 2800, 1, 0, 0, 0, 0, 0]'),
(100663325, 6, 29, '[0, 2900, 2900, 2900, 2900, 1, 0, 0, 0, 0, 0]'),
(100663326, 6, 30, '[0, 3000, 3000, 3000, 3000, 1, 0, 0, 0, 0, 0]'),
(100663327, 6, 31, '[0, 3100, 3100, 3100, 3100, 1, 0, 0, 0, 0, 0]'),
(100663328, 6, 32, '[0, 3200, 3200, 3200, 3200, 1, 0, 0, 0, 0, 0]'),
(100663329, 6, 33, '[0, 3300, 3300, 3300, 3300, 1, 0, 0, 0, 0, 0]'),
(100663330, 6, 34, '[0, 3400, 3400, 3400, 3400, 1, 0, 0, 0, 0, 0]'),
(100663331, 6, 35, '[0, 3500, 3500, 3500, 3500, 1, 0, 0, 0, 0, 0]'),
(100663332, 6, 36, '[0, 3600, 3600, 3600, 3600, 1, 0, 0, 0, 0, 0]'),
(100663333, 6, 37, '[0, 3700, 3700, 3700, 3700, 1, 0, 0, 0, 0, 0]'),
(100663334, 6, 38, '[0, 3800, 3800, 3800, 3800, 1, 0, 0, 0, 0, 0]'),
(100663335, 6, 39, '[0, 3900, 3900, 3900, 3900, 1, 0, 0, 0, 0, 0]'),
(100663336, 6, 40, '[0, 4000, 4000, 4000, 4000, 1, 0, 0, 0, 0, 0]'),
(100663337, 6, 41, '[0, 4100, 4100, 4100, 4100, 1, 0, 0, 0, 0, 0]'),
(100663338, 6, 42, '[0, 4200, 4200, 4200, 4200, 1, 0, 0, 0, 0, 0]'),
(100663339, 6, 43, '[0, 4300, 4300, 4300, 4300, 1, 0, 0, 0, 0, 0]'),
(100663340, 6, 44, '[0, 4400, 4400, 4400, 4400, 1, 0, 0, 0, 0, 0]'),
(100663341, 6, 45, '[0, 4500, 4500, 4500, 4500, 1, 0, 0, 0, 0, 0]'),
(100663342, 6, 46, '[0, 4600, 4600, 4600, 4600, 1, 0, 0, 0, 0, 0]'),
(100663343, 6, 47, '[0, 4700, 4700, 4700, 4700, 1, 0, 0, 0, 0, 0]'),
(100663344, 6, 48, '[0, 4800, 4800, 4800, 4800, 1, 0, 0, 0, 0, 0]'),
(100663345, 6, 49, '[0, 4900, 4900, 4900, 4900, 1, 0, 0, 0, 0, 0]'),
(100663346, 6, 50, '[0, 5000, 5000, 5000, 5000, 1, 0, 0, 0, 0, 0]'),
(100663347, 6, 51, '[0, 5100, 5100, 5100, 5100, 1, 0, 0, 0, 0, 0]'),
(100663348, 6, 52, '[0, 5200, 5200, 5200, 5200, 1, 0, 0, 0, 0, 0]'),
(100663349, 6, 53, '[0, 5300, 5300, 5300, 5300, 1, 0, 0, 0, 0, 0]'),
(100663350, 6, 54, '[0, 5400, 5400, 5400, 5400, 1, 0, 0, 0, 0, 0]'),
(100663351, 6, 55, '[0, 5500, 5500, 5500, 5500, 1, 0, 0, 0, 0, 0]'),
(100663352, 6, 56, '[0, 5600, 5600, 5600, 5600, 1, 0, 0, 0, 0, 0]'),
(100663353, 6, 57, '[0, 5700, 5700, 5700, 5700, 1, 0, 0, 0, 0, 0]'),
(100663354, 6, 58, '[0, 5800, 5800, 5800, 5800, 1, 0, 0, 0, 0, 0]'),
(100663355, 6, 59, '[0, 5900, 5900, 5900, 5900, 1, 0, 0, 0, 0, 0]'),
(100663356, 6, 60, '[0, 6000, 6000, 6000, 6000, 1, 0, 0, 0, 0, 0]'),
(100663357, 6, 61, '[0, 6100, 6100, 6100, 6100, 1, 0, 0, 0, 0, 0]'),
(100663358, 6, 62, '[0, 6200, 6200, 6200, 6200, 1, 0, 0, 0, 0, 0]'),
(100663359, 6, 63, '[0, 6300, 6300, 6300, 6300, 1, 0, 0, 0, 0, 0]'),
(100663360, 6, 64, '[0, 6400, 6400, 6400, 6400, 1, 0, 0, 0, 0, 0]'),
(100663361, 6, 65, '[0, 6500, 6500, 6500, 6500, 1, 0, 0, 0, 0, 0]'),
(100663362, 6, 66, '[0, 6600, 6600, 6600, 6600, 1, 0, 0, 0, 0, 0]'),
(100663363, 6, 67, '[0, 6700, 6700, 6700, 6700, 1, 0, 0, 0, 0, 0]'),
(100663364, 6, 68, '[0, 6800, 6800, 6800, 6800, 1, 0, 0, 0, 0, 0]'),
(100663365, 6, 69, '[0, 6900, 6900, 6900, 6900, 1, 0, 0, 0, 0, 0]'),
(100663366, 6, 70, '[0, 7000, 7000, 7000, 7000, 1, 0, 0, 0, 0, 0]'),
(100663367, 6, 71, '[0, 7100, 7100, 7100, 7100, 1, 0, 0, 0, 0, 0]'),
(100663368, 6, 72, '[0, 7200, 7200, 7200, 7200, 1, 0, 0, 0, 0, 0]'),
(100663369, 6, 73, '[0, 7300, 7300, 7300, 7300, 1, 0, 0, 0, 0, 0]'),
(100663370, 6, 74, '[0, 7400, 7400, 7400, 7400, 1, 0, 0, 0, 0, 0]'),
(100663371, 6, 75, '[0, 7500, 7500, 7500, 7500, 1, 0, 0, 0, 0, 0]'),
(100663372, 6, 76, '[0, 7600, 7600, 7600, 7600, 1, 0, 0, 0, 0, 0]'),
(100663373, 6, 77, '[0, 7700, 7700, 7700, 7700, 1, 0, 0, 0, 0, 0]'),
(100663374, 6, 78, '[0, 7800, 7800, 7800, 7800, 1, 0, 0, 0, 0, 0]'),
(100663375, 6, 79, '[0, 7900, 7900, 7900, 7900, 1, 0, 0, 0, 0, 0]'),
(100663376, 6, 80, '[0, 8000, 8000, 8000, 8000, 1, 0, 0, 0, 0, 0]'),
(100663377, 6, 81, '[0, 8100, 8100, 8100, 8100, 1, 0, 0, 0, 0, 0]'),
(100663378, 6, 82, '[0, 8200, 8200, 8200, 8200, 1, 0, 0, 0, 0, 0]'),
(100663379, 6, 83, '[0, 8300, 8300, 8300, 8300, 1, 0, 0, 0, 0, 0]'),
(100663380, 6, 84, '[0, 8400, 8400, 8400, 8400, 1, 0, 0, 0, 0, 0]'),
(100663381, 6, 85, '[0, 8500, 8500, 8500, 8500, 1, 0, 0, 0, 0, 0]'),
(100663382, 6, 86, '[0, 8600, 8600, 8600, 8600, 1, 0, 0, 0, 0, 0]'),
(100663383, 6, 87, '[0, 8700, 8700, 8700, 8700, 1, 0, 0, 0, 0, 0]'),
(100663384, 6, 88, '[0, 8800, 8800, 8800, 8800, 1, 0, 0, 0, 0, 0]'),
(100663385, 6, 89, '[0, 8900, 8900, 8900, 8900, 1, 0, 0, 0, 0, 0]'),
(100663386, 6, 90, '[0, 9000, 9000, 9000, 9000, 1, 0, 0, 0, 0, 0]'),
(100663387, 6, 91, '[0, 9100, 9100, 9100, 9100, 1, 0, 0, 0, 0, 0]'),
(100663388, 6, 92, '[0, 9200, 9200, 9200, 9200, 1, 0, 0, 0, 0, 0]'),
(100663389, 6, 93, '[0, 9300, 9300, 9300, 9300, 1, 0, 0, 0, 0, 0]'),
(100663390, 6, 94, '[0, 9400, 9400, 9400, 9400, 1, 0, 0, 0, 0, 0]'),
(100663391, 6, 95, '[0, 9500, 9500, 9500, 9500, 1, 0, 0, 0, 0, 0]'),
(100663392, 6, 96, '[0, 9600, 9600, 9600, 9600, 1, 0, 0, 0, 0, 0]'),
(100663393, 6, 97, '[0, 9700, 9700, 9700, 9700, 1, 0, 0, 0, 0, 0]'),
(100663394, 6, 98, '[0, 9800, 9800, 9800, 9800, 1, 0, 0, 0, 0, 0]'),
(100663395, 6, 99, '[0, 9900, 9900, 9900, 9900, 1, 0, 0, 0, 0, 0]'),
(100663396, 6, 100, '[0, 10000, 10000, 10000, 10000, 1, 0, 0, 0, 0, 0]'),
(117440513, 7, 1, '[0, 100, 100, 100, 100, 1, 0, 0, 0, 0, 0]'),
(117440514, 7, 2, '[0, 200, 200, 200, 200, 1, 0, 0, 0, 0, 0]'),
(117440515, 7, 3, '[0, 300, 300, 300, 300, 1, 0, 0, 0, 0, 0]'),
(117440516, 7, 4, '[0, 400, 400, 400, 400, 1, 0, 0, 0, 0, 0]'),
(117440517, 7, 5, '[0, 500, 500, 500, 500, 1, 0, 0, 0, 0, 0]'),
(117440518, 7, 6, '[0, 600, 600, 600, 600, 1, 0, 0, 0, 0, 0]'),
(117440519, 7, 7, '[0, 700, 700, 700, 700, 1, 0, 0, 0, 0, 0]'),
(117440520, 7, 8, '[0, 800, 800, 800, 800, 1, 0, 0, 0, 0, 0]'),
(117440521, 7, 9, '[0, 900, 900, 900, 900, 1, 0, 0, 0, 0, 0]'),
(117440522, 7, 10, '[0, 1000, 1000, 1000, 1000, 1, 0, 0, 0, 0, 0]'),
(117440523, 7, 11, '[0, 1100, 1100, 1100, 1100, 1, 0, 0, 0, 0, 0]'),
(117440524, 7, 12, '[0, 1200, 1200, 1200, 1200, 1, 0, 0, 0, 0, 0]'),
(117440525, 7, 13, '[0, 1300, 1300, 1300, 1300, 1, 0, 0, 0, 0, 0]'),
(117440526, 7, 14, '[0, 1400, 1400, 1400, 1400, 1, 0, 0, 0, 0, 0]'),
(117440527, 7, 15, '[0, 1500, 1500, 1500, 1500, 1, 0, 0, 0, 0, 0]'),
(117440528, 7, 16, '[0, 1600, 1600, 1600, 1600, 1, 0, 0, 0, 0, 0]'),
(117440529, 7, 17, '[0, 1700, 1700, 1700, 1700, 1, 0, 0, 0, 0, 0]'),
(117440530, 7, 18, '[0, 1800, 1800, 1800, 1800, 1, 0, 0, 0, 0, 0]'),
(117440531, 7, 19, '[0, 1900, 1900, 1900, 1900, 1, 0, 0, 0, 0, 0]'),
(117440532, 7, 20, '[0, 2000, 2000, 2000, 2000, 1, 0, 0, 0, 0, 0]'),
(117440533, 7, 21, '[0, 2100, 2100, 2100, 2100, 1, 0, 0, 0, 0, 0]'),
(117440534, 7, 22, '[0, 2200, 2200, 2200, 2200, 1, 0, 0, 0, 0, 0]'),
(117440535, 7, 23, '[0, 2300, 2300, 2300, 2300, 1, 0, 0, 0, 0, 0]'),
(117440536, 7, 24, '[0, 2400, 2400, 2400, 2400, 1, 0, 0, 0, 0, 0]'),
(117440537, 7, 25, '[0, 2500, 2500, 2500, 2500, 1, 0, 0, 0, 0, 0]'),
(117440538, 7, 26, '[0, 2600, 2600, 2600, 2600, 1, 0, 0, 0, 0, 0]'),
(117440539, 7, 27, '[0, 2700, 2700, 2700, 2700, 1, 0, 0, 0, 0, 0]'),
(117440540, 7, 28, '[0, 2800, 2800, 2800, 2800, 1, 0, 0, 0, 0, 0]'),
(117440541, 7, 29, '[0, 2900, 2900, 2900, 2900, 1, 0, 0, 0, 0, 0]'),
(117440542, 7, 30, '[0, 3000, 3000, 3000, 3000, 1, 0, 0, 0, 0, 0]'),
(117440543, 7, 31, '[0, 3100, 3100, 3100, 3100, 1, 0, 0, 0, 0, 0]'),
(117440544, 7, 32, '[0, 3200, 3200, 3200, 3200, 1, 0, 0, 0, 0, 0]'),
(117440545, 7, 33, '[0, 3300, 3300, 3300, 3300, 1, 0, 0, 0, 0, 0]'),
(117440546, 7, 34, '[0, 3400, 3400, 3400, 3400, 1, 0, 0, 0, 0, 0]'),
(117440547, 7, 35, '[0, 3500, 3500, 3500, 3500, 1, 0, 0, 0, 0, 0]'),
(117440548, 7, 36, '[0, 3600, 3600, 3600, 3600, 1, 0, 0, 0, 0, 0]'),
(117440549, 7, 37, '[0, 3700, 3700, 3700, 3700, 1, 0, 0, 0, 0, 0]'),
(117440550, 7, 38, '[0, 3800, 3800, 3800, 3800, 1, 0, 0, 0, 0, 0]'),
(117440551, 7, 39, '[0, 3900, 3900, 3900, 3900, 1, 0, 0, 0, 0, 0]'),
(117440552, 7, 40, '[0, 4000, 4000, 4000, 4000, 1, 0, 0, 0, 0, 0]'),
(117440553, 7, 41, '[0, 4100, 4100, 4100, 4100, 1, 0, 0, 0, 0, 0]'),
(117440554, 7, 42, '[0, 4200, 4200, 4200, 4200, 1, 0, 0, 0, 0, 0]'),
(117440555, 7, 43, '[0, 4300, 4300, 4300, 4300, 1, 0, 0, 0, 0, 0]'),
(117440556, 7, 44, '[0, 4400, 4400, 4400, 4400, 1, 0, 0, 0, 0, 0]'),
(117440557, 7, 45, '[0, 4500, 4500, 4500, 4500, 1, 0, 0, 0, 0, 0]'),
(117440558, 7, 46, '[0, 4600, 4600, 4600, 4600, 1, 0, 0, 0, 0, 0]'),
(117440559, 7, 47, '[0, 4700, 4700, 4700, 4700, 1, 0, 0, 0, 0, 0]'),
(117440560, 7, 48, '[0, 4800, 4800, 4800, 4800, 1, 0, 0, 0, 0, 0]'),
(117440561, 7, 49, '[0, 4900, 4900, 4900, 4900, 1, 0, 0, 0, 0, 0]'),
(117440562, 7, 50, '[0, 5000, 5000, 5000, 5000, 1, 0, 0, 0, 0, 0]'),
(117440563, 7, 51, '[0, 5100, 5100, 5100, 5100, 1, 0, 0, 0, 0, 0]'),
(117440564, 7, 52, '[0, 5200, 5200, 5200, 5200, 1, 0, 0, 0, 0, 0]'),
(117440565, 7, 53, '[0, 5300, 5300, 5300, 5300, 1, 0, 0, 0, 0, 0]'),
(117440566, 7, 54, '[0, 5400, 5400, 5400, 5400, 1, 0, 0, 0, 0, 0]'),
(117440567, 7, 55, '[0, 5500, 5500, 5500, 5500, 1, 0, 0, 0, 0, 0]'),
(117440568, 7, 56, '[0, 5600, 5600, 5600, 5600, 1, 0, 0, 0, 0, 0]'),
(117440569, 7, 57, '[0, 5700, 5700, 5700, 5700, 1, 0, 0, 0, 0, 0]'),
(117440570, 7, 58, '[0, 5800, 5800, 5800, 5800, 1, 0, 0, 0, 0, 0]'),
(117440571, 7, 59, '[0, 5900, 5900, 5900, 5900, 1, 0, 0, 0, 0, 0]'),
(117440572, 7, 60, '[0, 6000, 6000, 6000, 6000, 1, 0, 0, 0, 0, 0]'),
(117440573, 7, 61, '[0, 6100, 6100, 6100, 6100, 1, 0, 0, 0, 0, 0]'),
(117440574, 7, 62, '[0, 6200, 6200, 6200, 6200, 1, 0, 0, 0, 0, 0]'),
(117440575, 7, 63, '[0, 6300, 6300, 6300, 6300, 1, 0, 0, 0, 0, 0]'),
(117440576, 7, 64, '[0, 6400, 6400, 6400, 6400, 1, 0, 0, 0, 0, 0]'),
(117440577, 7, 65, '[0, 6500, 6500, 6500, 6500, 1, 0, 0, 0, 0, 0]'),
(117440578, 7, 66, '[0, 6600, 6600, 6600, 6600, 1, 0, 0, 0, 0, 0]'),
(117440579, 7, 67, '[0, 6700, 6700, 6700, 6700, 1, 0, 0, 0, 0, 0]'),
(117440580, 7, 68, '[0, 6800, 6800, 6800, 6800, 1, 0, 0, 0, 0, 0]');
INSERT INTO `player_attribute` (`Id`, `career`, `level`, `attrs`) VALUES
(117440581, 7, 69, '[0, 6900, 6900, 6900, 6900, 1, 0, 0, 0, 0, 0]'),
(117440582, 7, 70, '[0, 7000, 7000, 7000, 7000, 1, 0, 0, 0, 0, 0]'),
(117440583, 7, 71, '[0, 7100, 7100, 7100, 7100, 1, 0, 0, 0, 0, 0]'),
(117440584, 7, 72, '[0, 7200, 7200, 7200, 7200, 1, 0, 0, 0, 0, 0]'),
(117440585, 7, 73, '[0, 7300, 7300, 7300, 7300, 1, 0, 0, 0, 0, 0]'),
(117440586, 7, 74, '[0, 7400, 7400, 7400, 7400, 1, 0, 0, 0, 0, 0]'),
(117440587, 7, 75, '[0, 7500, 7500, 7500, 7500, 1, 0, 0, 0, 0, 0]'),
(117440588, 7, 76, '[0, 7600, 7600, 7600, 7600, 1, 0, 0, 0, 0, 0]'),
(117440589, 7, 77, '[0, 7700, 7700, 7700, 7700, 1, 0, 0, 0, 0, 0]'),
(117440590, 7, 78, '[0, 7800, 7800, 7800, 7800, 1, 0, 0, 0, 0, 0]'),
(117440591, 7, 79, '[0, 7900, 7900, 7900, 7900, 1, 0, 0, 0, 0, 0]'),
(117440592, 7, 80, '[0, 8000, 8000, 8000, 8000, 1, 0, 0, 0, 0, 0]'),
(117440593, 7, 81, '[0, 8100, 8100, 8100, 8100, 1, 0, 0, 0, 0, 0]'),
(117440594, 7, 82, '[0, 8200, 8200, 8200, 8200, 1, 0, 0, 0, 0, 0]'),
(117440595, 7, 83, '[0, 8300, 8300, 8300, 8300, 1, 0, 0, 0, 0, 0]'),
(117440596, 7, 84, '[0, 8400, 8400, 8400, 8400, 1, 0, 0, 0, 0, 0]'),
(117440597, 7, 85, '[0, 8500, 8500, 8500, 8500, 1, 0, 0, 0, 0, 0]'),
(117440598, 7, 86, '[0, 8600, 8600, 8600, 8600, 1, 0, 0, 0, 0, 0]'),
(117440599, 7, 87, '[0, 8700, 8700, 8700, 8700, 1, 0, 0, 0, 0, 0]'),
(117440600, 7, 88, '[0, 8800, 8800, 8800, 8800, 1, 0, 0, 0, 0, 0]'),
(117440601, 7, 89, '[0, 8900, 8900, 8900, 8900, 1, 0, 0, 0, 0, 0]'),
(117440602, 7, 90, '[0, 9000, 9000, 9000, 9000, 1, 0, 0, 0, 0, 0]'),
(117440603, 7, 91, '[0, 9100, 9100, 9100, 9100, 1, 0, 0, 0, 0, 0]'),
(117440604, 7, 92, '[0, 9200, 9200, 9200, 9200, 1, 0, 0, 0, 0, 0]'),
(117440605, 7, 93, '[0, 9300, 9300, 9300, 9300, 1, 0, 0, 0, 0, 0]'),
(117440606, 7, 94, '[0, 9400, 9400, 9400, 9400, 1, 0, 0, 0, 0, 0]'),
(117440607, 7, 95, '[0, 9500, 9500, 9500, 9500, 1, 0, 0, 0, 0, 0]'),
(117440608, 7, 96, '[0, 9600, 9600, 9600, 9600, 1, 0, 0, 0, 0, 0]'),
(117440609, 7, 97, '[0, 9700, 9700, 9700, 9700, 1, 0, 0, 0, 0, 0]'),
(117440610, 7, 98, '[0, 9800, 9800, 9800, 9800, 1, 0, 0, 0, 0, 0]'),
(117440611, 7, 99, '[0, 9900, 9900, 9900, 9900, 1, 0, 0, 0, 0, 0]'),
(117440612, 7, 100, '[0, 10000, 10000, 10000, 10000, 1, 0, 0, 0, 0, 0]'),
(134217729, 8, 1, '[0, 100, 100, 100, 100, 1, 0, 0, 0, 0, 0]'),
(134217730, 8, 2, '[0, 200, 200, 200, 200, 1, 0, 0, 0, 0, 0]'),
(134217731, 8, 3, '[0, 300, 300, 300, 300, 1, 0, 0, 0, 0, 0]'),
(134217732, 8, 4, '[0, 400, 400, 400, 400, 1, 0, 0, 0, 0, 0]'),
(134217733, 8, 5, '[0, 500, 500, 500, 500, 1, 0, 0, 0, 0, 0]'),
(134217734, 8, 6, '[0, 600, 600, 600, 600, 1, 0, 0, 0, 0, 0]'),
(134217735, 8, 7, '[0, 700, 700, 700, 700, 1, 0, 0, 0, 0, 0]'),
(134217736, 8, 8, '[0, 800, 800, 800, 800, 1, 0, 0, 0, 0, 0]'),
(134217737, 8, 9, '[0, 900, 900, 900, 900, 1, 0, 0, 0, 0, 0]'),
(134217738, 8, 10, '[0, 1000, 1000, 1000, 1000, 1, 0, 0, 0, 0, 0]'),
(134217739, 8, 11, '[0, 1100, 1100, 1100, 1100, 1, 0, 0, 0, 0, 0]'),
(134217740, 8, 12, '[0, 1200, 1200, 1200, 1200, 1, 0, 0, 0, 0, 0]'),
(134217741, 8, 13, '[0, 1300, 1300, 1300, 1300, 1, 0, 0, 0, 0, 0]'),
(134217742, 8, 14, '[0, 1400, 1400, 1400, 1400, 1, 0, 0, 0, 0, 0]'),
(134217743, 8, 15, '[0, 1500, 1500, 1500, 1500, 1, 0, 0, 0, 0, 0]'),
(134217744, 8, 16, '[0, 1600, 1600, 1600, 1600, 1, 0, 0, 0, 0, 0]'),
(134217745, 8, 17, '[0, 1700, 1700, 1700, 1700, 1, 0, 0, 0, 0, 0]'),
(134217746, 8, 18, '[0, 1800, 1800, 1800, 1800, 1, 0, 0, 0, 0, 0]'),
(134217747, 8, 19, '[0, 1900, 1900, 1900, 1900, 1, 0, 0, 0, 0, 0]'),
(134217748, 8, 20, '[0, 2000, 2000, 2000, 2000, 1, 0, 0, 0, 0, 0]'),
(134217749, 8, 21, '[0, 2100, 2100, 2100, 2100, 1, 0, 0, 0, 0, 0]'),
(134217750, 8, 22, '[0, 2200, 2200, 2200, 2200, 1, 0, 0, 0, 0, 0]'),
(134217751, 8, 23, '[0, 2300, 2300, 2300, 2300, 1, 0, 0, 0, 0, 0]'),
(134217752, 8, 24, '[0, 2400, 2400, 2400, 2400, 1, 0, 0, 0, 0, 0]'),
(134217753, 8, 25, '[0, 2500, 2500, 2500, 2500, 1, 0, 0, 0, 0, 0]'),
(134217754, 8, 26, '[0, 2600, 2600, 2600, 2600, 1, 0, 0, 0, 0, 0]'),
(134217755, 8, 27, '[0, 2700, 2700, 2700, 2700, 1, 0, 0, 0, 0, 0]'),
(134217756, 8, 28, '[0, 2800, 2800, 2800, 2800, 1, 0, 0, 0, 0, 0]'),
(134217757, 8, 29, '[0, 2900, 2900, 2900, 2900, 1, 0, 0, 0, 0, 0]'),
(134217758, 8, 30, '[0, 3000, 3000, 3000, 3000, 1, 0, 0, 0, 0, 0]'),
(134217759, 8, 31, '[0, 3100, 3100, 3100, 3100, 1, 0, 0, 0, 0, 0]'),
(134217760, 8, 32, '[0, 3200, 3200, 3200, 3200, 1, 0, 0, 0, 0, 0]'),
(134217761, 8, 33, '[0, 3300, 3300, 3300, 3300, 1, 0, 0, 0, 0, 0]'),
(134217762, 8, 34, '[0, 3400, 3400, 3400, 3400, 1, 0, 0, 0, 0, 0]'),
(134217763, 8, 35, '[0, 3500, 3500, 3500, 3500, 1, 0, 0, 0, 0, 0]'),
(134217764, 8, 36, '[0, 3600, 3600, 3600, 3600, 1, 0, 0, 0, 0, 0]'),
(134217765, 8, 37, '[0, 3700, 3700, 3700, 3700, 1, 0, 0, 0, 0, 0]'),
(134217766, 8, 38, '[0, 3800, 3800, 3800, 3800, 1, 0, 0, 0, 0, 0]'),
(134217767, 8, 39, '[0, 3900, 3900, 3900, 3900, 1, 0, 0, 0, 0, 0]'),
(134217768, 8, 40, '[0, 4000, 4000, 4000, 4000, 1, 0, 0, 0, 0, 0]'),
(134217769, 8, 41, '[0, 4100, 4100, 4100, 4100, 1, 0, 0, 0, 0, 0]'),
(134217770, 8, 42, '[0, 4200, 4200, 4200, 4200, 1, 0, 0, 0, 0, 0]'),
(134217771, 8, 43, '[0, 4300, 4300, 4300, 4300, 1, 0, 0, 0, 0, 0]'),
(134217772, 8, 44, '[0, 4400, 4400, 4400, 4400, 1, 0, 0, 0, 0, 0]'),
(134217773, 8, 45, '[0, 4500, 4500, 4500, 4500, 1, 0, 0, 0, 0, 0]'),
(134217774, 8, 46, '[0, 4600, 4600, 4600, 4600, 1, 0, 0, 0, 0, 0]'),
(134217775, 8, 47, '[0, 4700, 4700, 4700, 4700, 1, 0, 0, 0, 0, 0]'),
(134217776, 8, 48, '[0, 4800, 4800, 4800, 4800, 1, 0, 0, 0, 0, 0]'),
(134217777, 8, 49, '[0, 4900, 4900, 4900, 4900, 1, 0, 0, 0, 0, 0]'),
(134217778, 8, 50, '[0, 5000, 5000, 5000, 5000, 1, 0, 0, 0, 0, 0]'),
(134217779, 8, 51, '[0, 5100, 5100, 5100, 5100, 1, 0, 0, 0, 0, 0]'),
(134217780, 8, 52, '[0, 5200, 5200, 5200, 5200, 1, 0, 0, 0, 0, 0]'),
(134217781, 8, 53, '[0, 5300, 5300, 5300, 5300, 1, 0, 0, 0, 0, 0]'),
(134217782, 8, 54, '[0, 5400, 5400, 5400, 5400, 1, 0, 0, 0, 0, 0]'),
(134217783, 8, 55, '[0, 5500, 5500, 5500, 5500, 1, 0, 0, 0, 0, 0]'),
(134217784, 8, 56, '[0, 5600, 5600, 5600, 5600, 1, 0, 0, 0, 0, 0]'),
(134217785, 8, 57, '[0, 5700, 5700, 5700, 5700, 1, 0, 0, 0, 0, 0]'),
(134217786, 8, 58, '[0, 5800, 5800, 5800, 5800, 1, 0, 0, 0, 0, 0]'),
(134217787, 8, 59, '[0, 5900, 5900, 5900, 5900, 1, 0, 0, 0, 0, 0]'),
(134217788, 8, 60, '[0, 6000, 6000, 6000, 6000, 1, 0, 0, 0, 0, 0]'),
(134217789, 8, 61, '[0, 6100, 6100, 6100, 6100, 1, 0, 0, 0, 0, 0]'),
(134217790, 8, 62, '[0, 6200, 6200, 6200, 6200, 1, 0, 0, 0, 0, 0]'),
(134217791, 8, 63, '[0, 6300, 6300, 6300, 6300, 1, 0, 0, 0, 0, 0]'),
(134217792, 8, 64, '[0, 6400, 6400, 6400, 6400, 1, 0, 0, 0, 0, 0]'),
(134217793, 8, 65, '[0, 6500, 6500, 6500, 6500, 1, 0, 0, 0, 0, 0]'),
(134217794, 8, 66, '[0, 6600, 6600, 6600, 6600, 1, 0, 0, 0, 0, 0]'),
(134217795, 8, 67, '[0, 6700, 6700, 6700, 6700, 1, 0, 0, 0, 0, 0]'),
(134217796, 8, 68, '[0, 6800, 6800, 6800, 6800, 1, 0, 0, 0, 0, 0]'),
(134217797, 8, 69, '[0, 6900, 6900, 6900, 6900, 1, 0, 0, 0, 0, 0]'),
(134217798, 8, 70, '[0, 7000, 7000, 7000, 7000, 1, 0, 0, 0, 0, 0]'),
(134217799, 8, 71, '[0, 7100, 7100, 7100, 7100, 1, 0, 0, 0, 0, 0]'),
(134217800, 8, 72, '[0, 7200, 7200, 7200, 7200, 1, 0, 0, 0, 0, 0]'),
(134217801, 8, 73, '[0, 7300, 7300, 7300, 7300, 1, 0, 0, 0, 0, 0]'),
(134217802, 8, 74, '[0, 7400, 7400, 7400, 7400, 1, 0, 0, 0, 0, 0]'),
(134217803, 8, 75, '[0, 7500, 7500, 7500, 7500, 1, 0, 0, 0, 0, 0]'),
(134217804, 8, 76, '[0, 7600, 7600, 7600, 7600, 1, 0, 0, 0, 0, 0]'),
(134217805, 8, 77, '[0, 7700, 7700, 7700, 7700, 1, 0, 0, 0, 0, 0]'),
(134217806, 8, 78, '[0, 7800, 7800, 7800, 7800, 1, 0, 0, 0, 0, 0]'),
(134217807, 8, 79, '[0, 7900, 7900, 7900, 7900, 1, 0, 0, 0, 0, 0]'),
(134217808, 8, 80, '[0, 8000, 8000, 8000, 8000, 1, 0, 0, 0, 0, 0]'),
(134217809, 8, 81, '[0, 8100, 8100, 8100, 8100, 1, 0, 0, 0, 0, 0]'),
(134217810, 8, 82, '[0, 8200, 8200, 8200, 8200, 1, 0, 0, 0, 0, 0]'),
(134217811, 8, 83, '[0, 8300, 8300, 8300, 8300, 1, 0, 0, 0, 0, 0]'),
(134217812, 8, 84, '[0, 8400, 8400, 8400, 8400, 1, 0, 0, 0, 0, 0]'),
(134217813, 8, 85, '[0, 8500, 8500, 8500, 8500, 1, 0, 0, 0, 0, 0]'),
(134217814, 8, 86, '[0, 8600, 8600, 8600, 8600, 1, 0, 0, 0, 0, 0]'),
(134217815, 8, 87, '[0, 8700, 8700, 8700, 8700, 1, 0, 0, 0, 0, 0]'),
(134217816, 8, 88, '[0, 8800, 8800, 8800, 8800, 1, 0, 0, 0, 0, 0]'),
(134217817, 8, 89, '[0, 8900, 8900, 8900, 8900, 1, 0, 0, 0, 0, 0]'),
(134217818, 8, 90, '[0, 9000, 9000, 9000, 9000, 1, 0, 0, 0, 0, 0]'),
(134217819, 8, 91, '[0, 9100, 9100, 9100, 9100, 1, 0, 0, 0, 0, 0]'),
(134217820, 8, 92, '[0, 9200, 9200, 9200, 9200, 1, 0, 0, 0, 0, 0]'),
(134217821, 8, 93, '[0, 9300, 9300, 9300, 9300, 1, 0, 0, 0, 0, 0]'),
(134217822, 8, 94, '[0, 9400, 9400, 9400, 9400, 1, 0, 0, 0, 0, 0]'),
(134217823, 8, 95, '[0, 9500, 9500, 9500, 9500, 1, 0, 0, 0, 0, 0]'),
(134217824, 8, 96, '[0, 9600, 9600, 9600, 9600, 1, 0, 0, 0, 0, 0]'),
(134217825, 8, 97, '[0, 9700, 9700, 9700, 9700, 1, 0, 0, 0, 0, 0]'),
(134217826, 8, 98, '[0, 9800, 9800, 9800, 9800, 1, 0, 0, 0, 0, 0]'),
(134217827, 8, 99, '[0, 9900, 9900, 9900, 9900, 1, 0, 0, 0, 0, 0]'),
(134217828, 8, 100, '[0, 10000, 10000, 10000, 10000, 1, 0, 0, 0, 0, 0]'),
(150994945, 9, 1, '[0, 100, 100, 100, 100, 1, 0, 0, 0, 0, 0]'),
(150994946, 9, 2, '[0, 200, 200, 200, 200, 1, 0, 0, 0, 0, 0]'),
(150994947, 9, 3, '[0, 300, 300, 300, 300, 1, 0, 0, 0, 0, 0]'),
(150994948, 9, 4, '[0, 400, 400, 400, 400, 1, 0, 0, 0, 0, 0]'),
(150994949, 9, 5, '[0, 500, 500, 500, 500, 1, 0, 0, 0, 0, 0]'),
(150994950, 9, 6, '[0, 600, 600, 600, 600, 1, 0, 0, 0, 0, 0]'),
(150994951, 9, 7, '[0, 700, 700, 700, 700, 1, 0, 0, 0, 0, 0]'),
(150994952, 9, 8, '[0, 800, 800, 800, 800, 1, 0, 0, 0, 0, 0]'),
(150994953, 9, 9, '[0, 900, 900, 900, 900, 1, 0, 0, 0, 0, 0]'),
(150994954, 9, 10, '[0, 1000, 1000, 1000, 1000, 1, 0, 0, 0, 0, 0]'),
(150994955, 9, 11, '[0, 1100, 1100, 1100, 1100, 1, 0, 0, 0, 0, 0]'),
(150994956, 9, 12, '[0, 1200, 1200, 1200, 1200, 1, 0, 0, 0, 0, 0]'),
(150994957, 9, 13, '[0, 1300, 1300, 1300, 1300, 1, 0, 0, 0, 0, 0]'),
(150994958, 9, 14, '[0, 1400, 1400, 1400, 1400, 1, 0, 0, 0, 0, 0]'),
(150994959, 9, 15, '[0, 1500, 1500, 1500, 1500, 1, 0, 0, 0, 0, 0]'),
(150994960, 9, 16, '[0, 1600, 1600, 1600, 1600, 1, 0, 0, 0, 0, 0]'),
(150994961, 9, 17, '[0, 1700, 1700, 1700, 1700, 1, 0, 0, 0, 0, 0]'),
(150994962, 9, 18, '[0, 1800, 1800, 1800, 1800, 1, 0, 0, 0, 0, 0]'),
(150994963, 9, 19, '[0, 1900, 1900, 1900, 1900, 1, 0, 0, 0, 0, 0]'),
(150994964, 9, 20, '[0, 2000, 2000, 2000, 2000, 1, 0, 0, 0, 0, 0]'),
(150994965, 9, 21, '[0, 2100, 2100, 2100, 2100, 1, 0, 0, 0, 0, 0]'),
(150994966, 9, 22, '[0, 2200, 2200, 2200, 2200, 1, 0, 0, 0, 0, 0]'),
(150994967, 9, 23, '[0, 2300, 2300, 2300, 2300, 1, 0, 0, 0, 0, 0]'),
(150994968, 9, 24, '[0, 2400, 2400, 2400, 2400, 1, 0, 0, 0, 0, 0]'),
(150994969, 9, 25, '[0, 2500, 2500, 2500, 2500, 1, 0, 0, 0, 0, 0]'),
(150994970, 9, 26, '[0, 2600, 2600, 2600, 2600, 1, 0, 0, 0, 0, 0]'),
(150994971, 9, 27, '[0, 2700, 2700, 2700, 2700, 1, 0, 0, 0, 0, 0]'),
(150994972, 9, 28, '[0, 2800, 2800, 2800, 2800, 1, 0, 0, 0, 0, 0]'),
(150994973, 9, 29, '[0, 2900, 2900, 2900, 2900, 1, 0, 0, 0, 0, 0]'),
(150994974, 9, 30, '[0, 3000, 3000, 3000, 3000, 1, 0, 0, 0, 0, 0]'),
(150994975, 9, 31, '[0, 3100, 3100, 3100, 3100, 1, 0, 0, 0, 0, 0]'),
(150994976, 9, 32, '[0, 3200, 3200, 3200, 3200, 1, 0, 0, 0, 0, 0]'),
(150994977, 9, 33, '[0, 3300, 3300, 3300, 3300, 1, 0, 0, 0, 0, 0]'),
(150994978, 9, 34, '[0, 3400, 3400, 3400, 3400, 1, 0, 0, 0, 0, 0]'),
(150994979, 9, 35, '[0, 3500, 3500, 3500, 3500, 1, 0, 0, 0, 0, 0]'),
(150994980, 9, 36, '[0, 3600, 3600, 3600, 3600, 1, 0, 0, 0, 0, 0]'),
(150994981, 9, 37, '[0, 3700, 3700, 3700, 3700, 1, 0, 0, 0, 0, 0]'),
(150994982, 9, 38, '[0, 3800, 3800, 3800, 3800, 1, 0, 0, 0, 0, 0]'),
(150994983, 9, 39, '[0, 3900, 3900, 3900, 3900, 1, 0, 0, 0, 0, 0]'),
(150994984, 9, 40, '[0, 4000, 4000, 4000, 4000, 1, 0, 0, 0, 0, 0]'),
(150994985, 9, 41, '[0, 4100, 4100, 4100, 4100, 1, 0, 0, 0, 0, 0]'),
(150994986, 9, 42, '[0, 4200, 4200, 4200, 4200, 1, 0, 0, 0, 0, 0]'),
(150994987, 9, 43, '[0, 4300, 4300, 4300, 4300, 1, 0, 0, 0, 0, 0]'),
(150994988, 9, 44, '[0, 4400, 4400, 4400, 4400, 1, 0, 0, 0, 0, 0]'),
(150994989, 9, 45, '[0, 4500, 4500, 4500, 4500, 1, 0, 0, 0, 0, 0]'),
(150994990, 9, 46, '[0, 4600, 4600, 4600, 4600, 1, 0, 0, 0, 0, 0]'),
(150994991, 9, 47, '[0, 4700, 4700, 4700, 4700, 1, 0, 0, 0, 0, 0]'),
(150994992, 9, 48, '[0, 4800, 4800, 4800, 4800, 1, 0, 0, 0, 0, 0]'),
(150994993, 9, 49, '[0, 4900, 4900, 4900, 4900, 1, 0, 0, 0, 0, 0]'),
(150994994, 9, 50, '[0, 5000, 5000, 5000, 5000, 1, 0, 0, 0, 0, 0]'),
(150994995, 9, 51, '[0, 5100, 5100, 5100, 5100, 1, 0, 0, 0, 0, 0]'),
(150994996, 9, 52, '[0, 5200, 5200, 5200, 5200, 1, 0, 0, 0, 0, 0]'),
(150994997, 9, 53, '[0, 5300, 5300, 5300, 5300, 1, 0, 0, 0, 0, 0]'),
(150994998, 9, 54, '[0, 5400, 5400, 5400, 5400, 1, 0, 0, 0, 0, 0]'),
(150994999, 9, 55, '[0, 5500, 5500, 5500, 5500, 1, 0, 0, 0, 0, 0]'),
(150995000, 9, 56, '[0, 5600, 5600, 5600, 5600, 1, 0, 0, 0, 0, 0]'),
(150995001, 9, 57, '[0, 5700, 5700, 5700, 5700, 1, 0, 0, 0, 0, 0]'),
(150995002, 9, 58, '[0, 5800, 5800, 5800, 5800, 1, 0, 0, 0, 0, 0]'),
(150995003, 9, 59, '[0, 5900, 5900, 5900, 5900, 1, 0, 0, 0, 0, 0]'),
(150995004, 9, 60, '[0, 6000, 6000, 6000, 6000, 1, 0, 0, 0, 0, 0]'),
(150995005, 9, 61, '[0, 6100, 6100, 6100, 6100, 1, 0, 0, 0, 0, 0]'),
(150995006, 9, 62, '[0, 6200, 6200, 6200, 6200, 1, 0, 0, 0, 0, 0]'),
(150995007, 9, 63, '[0, 6300, 6300, 6300, 6300, 1, 0, 0, 0, 0, 0]'),
(150995008, 9, 64, '[0, 6400, 6400, 6400, 6400, 1, 0, 0, 0, 0, 0]'),
(150995009, 9, 65, '[0, 6500, 6500, 6500, 6500, 1, 0, 0, 0, 0, 0]'),
(150995010, 9, 66, '[0, 6600, 6600, 6600, 6600, 1, 0, 0, 0, 0, 0]'),
(150995011, 9, 67, '[0, 6700, 6700, 6700, 6700, 1, 0, 0, 0, 0, 0]'),
(150995012, 9, 68, '[0, 6800, 6800, 6800, 6800, 1, 0, 0, 0, 0, 0]'),
(150995013, 9, 69, '[0, 6900, 6900, 6900, 6900, 1, 0, 0, 0, 0, 0]'),
(150995014, 9, 70, '[0, 7000, 7000, 7000, 7000, 1, 0, 0, 0, 0, 0]'),
(150995015, 9, 71, '[0, 7100, 7100, 7100, 7100, 1, 0, 0, 0, 0, 0]'),
(150995016, 9, 72, '[0, 7200, 7200, 7200, 7200, 1, 0, 0, 0, 0, 0]'),
(150995017, 9, 73, '[0, 7300, 7300, 7300, 7300, 1, 0, 0, 0, 0, 0]'),
(150995018, 9, 74, '[0, 7400, 7400, 7400, 7400, 1, 0, 0, 0, 0, 0]'),
(150995019, 9, 75, '[0, 7500, 7500, 7500, 7500, 1, 0, 0, 0, 0, 0]'),
(150995020, 9, 76, '[0, 7600, 7600, 7600, 7600, 1, 0, 0, 0, 0, 0]'),
(150995021, 9, 77, '[0, 7700, 7700, 7700, 7700, 1, 0, 0, 0, 0, 0]'),
(150995022, 9, 78, '[0, 7800, 7800, 7800, 7800, 1, 0, 0, 0, 0, 0]'),
(150995023, 9, 79, '[0, 7900, 7900, 7900, 7900, 1, 0, 0, 0, 0, 0]'),
(150995024, 9, 80, '[0, 8000, 8000, 8000, 8000, 1, 0, 0, 0, 0, 0]'),
(150995025, 9, 81, '[0, 8100, 8100, 8100, 8100, 1, 0, 0, 0, 0, 0]'),
(150995026, 9, 82, '[0, 8200, 8200, 8200, 8200, 1, 0, 0, 0, 0, 0]'),
(150995027, 9, 83, '[0, 8300, 8300, 8300, 8300, 1, 0, 0, 0, 0, 0]'),
(150995028, 9, 84, '[0, 8400, 8400, 8400, 8400, 1, 0, 0, 0, 0, 0]'),
(150995029, 9, 85, '[0, 8500, 8500, 8500, 8500, 1, 0, 0, 0, 0, 0]'),
(150995030, 9, 86, '[0, 8600, 8600, 8600, 8600, 1, 0, 0, 0, 0, 0]'),
(150995031, 9, 87, '[0, 8700, 8700, 8700, 8700, 1, 0, 0, 0, 0, 0]'),
(150995032, 9, 88, '[0, 8800, 8800, 8800, 8800, 1, 0, 0, 0, 0, 0]'),
(150995033, 9, 89, '[0, 8900, 8900, 8900, 8900, 1, 0, 0, 0, 0, 0]'),
(150995034, 9, 90, '[0, 9000, 9000, 9000, 9000, 1, 0, 0, 0, 0, 0]'),
(150995035, 9, 91, '[0, 9100, 9100, 9100, 9100, 1, 0, 0, 0, 0, 0]'),
(150995036, 9, 92, '[0, 9200, 9200, 9200, 9200, 1, 0, 0, 0, 0, 0]'),
(150995037, 9, 93, '[0, 9300, 9300, 9300, 9300, 1, 0, 0, 0, 0, 0]'),
(150995038, 9, 94, '[0, 9400, 9400, 9400, 9400, 1, 0, 0, 0, 0, 0]'),
(150995039, 9, 95, '[0, 9500, 9500, 9500, 9500, 1, 0, 0, 0, 0, 0]'),
(150995040, 9, 96, '[0, 9600, 9600, 9600, 9600, 1, 0, 0, 0, 0, 0]'),
(150995041, 9, 97, '[0, 9700, 9700, 9700, 9700, 1, 0, 0, 0, 0, 0]'),
(150995042, 9, 98, '[0, 9800, 9800, 9800, 9800, 1, 0, 0, 0, 0, 0]'),
(150995043, 9, 99, '[0, 9900, 9900, 9900, 9900, 1, 0, 0, 0, 0, 0]'),
(150995044, 9, 100, '[0, 10000, 10000, 10000, 10000, 1, 0, 0, 0, 0, 0]');

-- --------------------------------------------------------

--
-- 表的结构 `player_base`
--

CREATE TABLE `player_base` (
  `level` int(10) UNSIGNED NOT NULL,
  `lvUpExp` bigint(20) UNSIGNED NOT NULL,
  `damageFactor` double NOT NULL,
  `recoveryHPRate` double NOT NULL,
  `recoveryHPValue` double NOT NULL,
  `recoveryMPRate` double NOT NULL,
  `recoveryMPValue` double NOT NULL
) ENGINE=InnoDB DEFAULT CHARSET=utf8mb4 COLLATE=utf8mb4_0900_ai_ci;

--
-- 转存表中的数据 `player_base`
--

INSERT INTO `player_base` (`level`, `lvUpExp`, `damageFactor`, `recoveryHPRate`, `recoveryHPValue`, `recoveryMPRate`, `recoveryMPValue`) VALUES
(1, 100, 1, 0.1, 1, 0.1, 1),
(2, 200, 2, 0.1, 1, 0.1, 1),
(3, 300, 3, 0.1, 1, 0.1, 1),
(4, 400, 4, 0.1, 1, 0.1, 1),
(5, 500, 5, 0.1, 1, 0.1, 1),
(6, 600, 6, 0.1, 1, 0.1, 1),
(7, 700, 7, 0.1, 1, 0.1, 1),
(8, 800, 8, 0.1, 1, 0.1, 1),
(9, 900, 9, 0.1, 1, 0.1, 1),
(10, 1000, 10, 0.1, 1, 0.1, 1),
(11, 1100, 11, 0.1, 1, 0.1, 1),
(12, 1200, 12, 0.1, 1, 0.1, 1),
(13, 1300, 13, 0.1, 1, 0.1, 1),
(14, 1400, 14, 0.1, 1, 0.1, 1),
(15, 1500, 15, 0.1, 1, 0.1, 1),
(16, 1600, 16, 0.1, 1, 0.1, 1),
(17, 1700, 17, 0.1, 1, 0.1, 1),
(18, 1800, 18, 0.1, 1, 0.1, 1),
(19, 1900, 19, 0.1, 1, 0.1, 1),
(20, 2000, 20, 0.1, 1, 0.1, 1),
(21, 2100, 21, 0.1, 1, 0.1, 1),
(22, 2200, 22, 0.1, 1, 0.1, 1),
(23, 2300, 23, 0.1, 1, 0.1, 1),
(24, 2400, 24, 0.1, 1, 0.1, 1),
(25, 2500, 25, 0.1, 1, 0.1, 1),
(26, 2600, 26, 0.1, 1, 0.1, 1),
(27, 2700, 27, 0.1, 1, 0.1, 1),
(28, 2800, 28, 0.1, 1, 0.1, 1),
(29, 2900, 29, 0.1, 1, 0.1, 1),
(30, 3000, 30, 0.1, 1, 0.1, 1),
(31, 3100, 31, 0.1, 1, 0.1, 1),
(32, 3200, 32, 0.1, 1, 0.1, 1),
(33, 3300, 33, 0.1, 1, 0.1, 1),
(34, 3400, 34, 0.1, 1, 0.1, 1),
(35, 3500, 35, 0.1, 1, 0.1, 1),
(36, 3600, 36, 0.1, 1, 0.1, 1),
(37, 3700, 37, 0.1, 1, 0.1, 1),
(38, 3800, 38, 0.1, 1, 0.1, 1),
(39, 3900, 39, 0.1, 1, 0.1, 1),
(40, 4000, 40, 0.1, 1, 0.1, 1),
(41, 4100, 41, 0.1, 1, 0.1, 1),
(42, 4200, 42, 0.1, 1, 0.1, 1),
(43, 4300, 43, 0.1, 1, 0.1, 1),
(44, 4400, 44, 0.1, 1, 0.1, 1),
(45, 4500, 45, 0.1, 1, 0.1, 1),
(46, 4600, 46, 0.1, 1, 0.1, 1),
(47, 4700, 47, 0.1, 1, 0.1, 1),
(48, 4800, 48, 0.1, 1, 0.1, 1),
(49, 4900, 49, 0.1, 1, 0.1, 1),
(50, 5000, 50, 0.1, 1, 0.1, 1),
(51, 5100, 51, 0.1, 1, 0.1, 1),
(52, 5200, 52, 0.1, 1, 0.1, 1),
(53, 5300, 53, 0.1, 1, 0.1, 1),
(54, 5400, 54, 0.1, 1, 0.1, 1),
(55, 5500, 55, 0.1, 1, 0.1, 1),
(56, 5600, 56, 0.1, 1, 0.1, 1),
(57, 5700, 57, 0.1, 1, 0.1, 1),
(58, 5800, 58, 0.1, 1, 0.1, 1),
(59, 5900, 59, 0.1, 1, 0.1, 1),
(60, 6000, 60, 0.1, 1, 0.1, 1),
(61, 6100, 61, 0.1, 1, 0.1, 1),
(62, 6200, 62, 0.1, 1, 0.1, 1),
(63, 6300, 63, 0.1, 1, 0.1, 1),
(64, 6400, 64, 0.1, 1, 0.1, 1),
(65, 6500, 65, 0.1, 1, 0.1, 1),
(66, 6600, 66, 0.1, 1, 0.1, 1),
(67, 6700, 67, 0.1, 1, 0.1, 1),
(68, 6800, 68, 0.1, 1, 0.1, 1),
(69, 6900, 69, 0.1, 1, 0.1, 1),
(70, 7000, 70, 0.1, 1, 0.1, 1),
(71, 7100, 71, 0.1, 1, 0.1, 1),
(72, 7200, 72, 0.1, 1, 0.1, 1),
(73, 7300, 73, 0.1, 1, 0.1, 1),
(74, 7400, 74, 0.1, 1, 0.1, 1),
(75, 7500, 75, 0.1, 1, 0.1, 1),
(76, 7600, 76, 0.1, 1, 0.1, 1),
(77, 7700, 77, 0.1, 1, 0.1, 1),
(78, 7800, 78, 0.1, 1, 0.1, 1),
(79, 7900, 79, 0.1, 1, 0.1, 1),
(80, 8000, 80, 0.1, 1, 0.1, 1),
(81, 8100, 81, 0.1, 1, 0.1, 1),
(82, 8200, 82, 0.1, 1, 0.1, 1),
(83, 8300, 83, 0.1, 1, 0.1, 1),
(84, 8400, 84, 0.1, 1, 0.1, 1),
(85, 8500, 85, 0.1, 1, 0.1, 1),
(86, 8600, 86, 0.1, 1, 0.1, 1),
(87, 8700, 87, 0.1, 1, 0.1, 1),
(88, 8800, 88, 0.1, 1, 0.1, 1),
(89, 8900, 89, 0.1, 1, 0.1, 1),
(90, 9000, 90, 0.1, 1, 0.1, 1),
(91, 9100, 91, 0.1, 1, 0.1, 1),
(92, 9200, 92, 0.1, 1, 0.1, 1),
(93, 9300, 93, 0.1, 1, 0.1, 1),
(94, 9400, 94, 0.1, 1, 0.1, 1),
(95, 9500, 95, 0.1, 1, 0.1, 1),
(96, 9600, 96, 0.1, 1, 0.1, 1),
(97, 9700, 97, 0.1, 1, 0.1, 1),
(98, 9800, 98, 0.1, 1, 0.1, 1),
(99, 9900, 99, 0.1, 1, 0.1, 1),
(100, 10000, 100, 0.1, 1, 0.1, 1);

-- --------------------------------------------------------

--
-- 表的结构 `quest_prototype`
--

CREATE TABLE `quest_prototype` (
  `questTypeID` int(10) UNSIGNED NOT NULL,
  `questClass` int(10) UNSIGNED NOT NULL,
  `questFlags` json NOT NULL,
  `questPublisher` json NOT NULL,
  `questVerifier` json NOT NULL,
  `questGuider` json NOT NULL,
  `questTimeMax` int(10) UNSIGNED NOT NULL,
  `questRepeatType` int(10) UNSIGNED NOT NULL,
  `questRepeatMax` int(10) UNSIGNED NOT NULL,
  `questReqMinLv` int(10) UNSIGNED NOT NULL,
  `questReqMaxLv` int(10) UNSIGNED NOT NULL,
  `questReqCareer` int(10) UNSIGNED NOT NULL,
  `questReqGender` int(10) UNSIGNED NOT NULL,
  `questReqQuests` json NOT NULL,
  `questReqCheques` json NOT NULL,
  `questReqItems` json NOT NULL,
  `questReqExtra` json NOT NULL,
  `questInitCheques` json NOT NULL,
  `questInitItems` json NOT NULL,
  `questInitExtra` json NOT NULL,
  `questRewardCheques` json NOT NULL,
  `questRewardItems` json NOT NULL,
  `questRewardExtra` json NOT NULL,
  `questScripts` json NOT NULL,
  `questConditions` json NOT NULL
) ENGINE=InnoDB DEFAULT CHARSET=utf8mb4 COLLATE=utf8mb4_0900_ai_ci;

--
-- 转存表中的数据 `quest_prototype`
--

INSERT INTO `quest_prototype` (`questTypeID`, `questClass`, `questFlags`, `questPublisher`, `questVerifier`, `questGuider`, `questTimeMax`, `questRepeatType`, `questRepeatMax`, `questReqMinLv`, `questReqMaxLv`, `questReqCareer`, `questReqGender`, `questReqQuests`, `questReqCheques`, `questReqItems`, `questReqExtra`, `questInitCheques`, `questInitItems`, `questInitExtra`, `questRewardCheques`, `questRewardItems`, `questRewardExtra`, `questScripts`, `questConditions`) VALUES
(10, 1, '{\"isAutoAccept\": true, \"isAutoSubmit\": true, \"isWatchStatus\": true}', '{}', '{}', '{}', 0, 0, 0, 0, 0, 0, 0, '[]', '[]', '[]', '{}', '[{\"isRetrieve\": true, \"chequeValue\": 1000}]', '[{\"isBinding\": true, \"itemCount\": 1, \"isRetrieve\": true, \"itemTypeID\": 6}]', '{}', '[{\"chequeType\": 1, \"chequeValue\": 100}, {\"chequeValue\": 10000}]', '[{\"isBinding\": true, \"itemCount\": 1, \"itemTypeID\": 5}]', '{}', '[{}, {}, {}, {}, {}]', '[{\"forNavInfo\": {}, \"conditionId\": 3, \"conditionNum\": 8, \"conditionArgs\": [4], \"conditionType\": 2}]'),
(11, 1, '{\"isAutoAccept\": true, \"isAutoSubmit\": true, \"isWatchStatus\": true}', '{}', '{}', '{}', 0, 0, 0, 0, 0, 0, 0, '[10]', '[{\"chequeValue\": 1}]', '[{\"itemCount\": 1}]', '{}', '[{\"isRetrieve\": true, \"chequeValue\": 1000}]', '[{\"isBinding\": true, \"itemCount\": 1, \"isRetrieve\": true, \"itemTypeID\": 6}]', '{}', '[{\"chequeType\": 1, \"chequeValue\": 100}]', '[{\"isBinding\": true, \"itemCount\": 1, \"itemTypeID\": 5}]', '{}', '[{}, {}, {}, {}, {}]', '[{\"forNavInfo\": {}, \"conditionId\": 4, \"conditionNum\": 8, \"conditionArgs\": [4], \"conditionType\": 2}]'),
(12, 1, '{\"isAutoAccept\": true, \"isAutoSubmit\": true, \"isWatchStatus\": true}', '{}', '{}', '{}', 0, 0, 0, 0, 0, 0, 0, '[11]', '[{\"chequeValue\": 1}]', '[{\"itemCount\": 1}]', '{}', '[{\"isRetrieve\": true, \"chequeValue\": 1000}]', '[{\"isBinding\": true, \"itemCount\": 1, \"isRetrieve\": true, \"itemTypeID\": 6}]', '{}', '[{\"chequeType\": 1, \"chequeValue\": 100}]', '[{\"isBinding\": true, \"itemCount\": 1, \"itemTypeID\": 5}]', '{}', '[{}, {}, {}, {}, {}]', '[{\"forNavInfo\": {}, \"conditionId\": 5, \"conditionNum\": 8, \"conditionArgs\": [4], \"conditionType\": 2}]'),
(13, 1, '{\"isAutoAccept\": true, \"isAutoSubmit\": true, \"isWatchStatus\": true}', '{}', '{}', '{}', 0, 0, 0, 0, 0, 0, 0, '[12]', '[{\"chequeValue\": 1}]', '[{\"itemCount\": 1}]', '{}', '[{\"isRetrieve\": true, \"chequeValue\": 1000}]', '[{\"isBinding\": true, \"itemCount\": 1, \"isRetrieve\": true, \"itemTypeID\": 6}]', '{}', '[{\"chequeType\": 1, \"chequeValue\": 100}]', '[{\"isBinding\": true, \"itemCount\": 1, \"itemTypeID\": 5}]', '{}', '[{}, {}, {}, {}, {}]', '[{\"forNavInfo\": {}, \"conditionId\": 6, \"conditionNum\": 8, \"conditionArgs\": [4], \"conditionType\": 2}]'),
(14, 1, '{\"isAutoAccept\": true, \"isAutoSubmit\": true, \"isWatchStatus\": true}', '{}', '{}', '{}', 0, 0, 0, 0, 0, 0, 0, '[13]', '[{\"chequeValue\": 1}]', '[{\"itemCount\": 1}]', '{}', '[{\"isRetrieve\": true, \"chequeValue\": 1000}]', '[{\"isBinding\": true, \"itemCount\": 1, \"isRetrieve\": true, \"itemTypeID\": 6}]', '{}', '[{\"chequeType\": 1, \"chequeValue\": 100}]', '[{\"isBinding\": true, \"itemCount\": 1, \"itemTypeID\": 5}]', '{}', '[{}, {}, {}, {}, {}]', '[{\"forNavInfo\": {}, \"conditionId\": 7, \"conditionNum\": 8, \"conditionArgs\": [4], \"conditionType\": 2}]'),
(15, 1, '{\"isAutoAccept\": true, \"isAutoSubmit\": true, \"isWatchStatus\": true}', '{}', '{}', '{}', 0, 0, 0, 0, 0, 0, 0, '[14]', '[]', '[]', '{}', '[{\"isRetrieve\": true, \"chequeValue\": 1000}]', '[{\"isBinding\": true, \"itemCount\": 1, \"isRetrieve\": true, \"itemTypeID\": 6}]', '{}', '[{\"chequeType\": 1, \"chequeValue\": 100}]', '[{\"isBinding\": true, \"itemCount\": 1, \"itemTypeID\": 5}]', '{}', '[{}, {}, {}, {}, {}]', '[{\"forNavInfo\": {}, \"conditionId\": 8, \"conditionNum\": 8, \"conditionArgs\": [4], \"conditionType\": 2}]');

-- --------------------------------------------------------

--
-- 表的结构 `scriptable`
--

CREATE TABLE `scriptable` (
  `scriptId` int(10) UNSIGNED NOT NULL,
  `scriptType` int(10) UNSIGNED NOT NULL,
  `scriptFile` varchar(256) NOT NULL
) ENGINE=InnoDB DEFAULT CHARSET=utf8mb4 COLLATE=utf8mb4_0900_ai_ci;

--
-- 转存表中的数据 `scriptable`
--

INSERT INTO `scriptable` (`scriptId`, `scriptType`, `scriptFile`) VALUES
(1, 1, 'graphml/sample.graphml.lua'),
(2, 1, 'graphml/sample1.graphml.lua'),
(3, 1, 'graphml/sample2.graphml.lua'),
(4, 12, 'scripts/SObj/Play/TeleportDoor.lua');

-- --------------------------------------------------------

--
-- 表的结构 `shop_prototype`
--

CREATE TABLE `shop_prototype` (
  `Id` int(10) UNSIGNED NOT NULL,
  `shopType` int(10) UNSIGNED NOT NULL,
  `itemFlags` json NOT NULL,
  `itemTypeID` int(10) UNSIGNED NOT NULL,
  `itemCount` int(10) UNSIGNED NOT NULL,
  `currencyType` int(10) UNSIGNED NOT NULL,
  `sellPrice` int(10) UNSIGNED NOT NULL,
  `discountPrice` int(10) UNSIGNED NOT NULL,
  `bundleNumMax` int(10) UNSIGNED NOT NULL,
  `genderLimit` int(10) UNSIGNED NOT NULL,
  `careerLimit` int(10) UNSIGNED NOT NULL,
  `dailyBuyLimit` int(10) UNSIGNED NOT NULL,
  `weeklyBuyLimit` int(10) UNSIGNED NOT NULL
) ENGINE=InnoDB DEFAULT CHARSET=utf8mb4 COLLATE=utf8mb4_0900_ai_ci;

-- --------------------------------------------------------

--
-- 表的结构 `sobj_prototype`
--

CREATE TABLE `sobj_prototype` (
  `sobjTypeId` int(10) UNSIGNED NOT NULL,
  `sobjFlags` json NOT NULL,
  `minRespawnTime` int(10) UNSIGNED NOT NULL,
  `maxRespawnTime` int(10) UNSIGNED NOT NULL,
  `teleportPointID` int(10) UNSIGNED NOT NULL,
  `teleportDelayTime` int(10) UNSIGNED NOT NULL,
  `lootSetID` int(10) UNSIGNED NOT NULL,
  `mineSpellID` int(10) UNSIGNED NOT NULL,
  `mineSpellLv` int(10) UNSIGNED NOT NULL,
  `mineAnimTime` int(10) UNSIGNED NOT NULL,
  `mineCostItems` json NOT NULL,
  `sobjReqQuestDoing` int(10) UNSIGNED NOT NULL,
  `radius` float NOT NULL,
  `spawnScriptId` int(10) UNSIGNED NOT NULL,
  `spawnScriptArgs` text NOT NULL,
  `playScriptId` int(10) UNSIGNED NOT NULL,
  `playScriptArgs` text NOT NULL
) ENGINE=InnoDB DEFAULT CHARSET=utf8mb4 COLLATE=utf8mb4_0900_ai_ci;

--
-- 转存表中的数据 `sobj_prototype`
--

INSERT INTO `sobj_prototype` (`sobjTypeId`, `sobjFlags`, `minRespawnTime`, `maxRespawnTime`, `teleportPointID`, `teleportDelayTime`, `lootSetID`, `mineSpellID`, `mineSpellLv`, `mineAnimTime`, `mineCostItems`, `sobjReqQuestDoing`, `radius`, `spawnScriptId`, `spawnScriptArgs`, `playScriptId`, `playScriptArgs`) VALUES
(1, '{\"isPlayerInteresting\": true}', 0, 0, 2, 1000, 0, 0, 1, 0, '[{\"itemNum\": 1}]', 0, 1.5, 0, '', 4, '2,1000'),
(2, '{\"isPlayerInteresting\": true}', 0, 0, 1, 1000, 0, 0, 1, 0, '[{\"itemNum\": 1}]', 0, 1.5, 0, '', 4, '1,1000'),
(3, '{\"isRemoveAfterMineDone\": true}', 1000, 3000, 0, 0, 3, 7, 1, 10000, '[{\"itemNum\": 1}]', 0, 1.5, 0, '', 0, '');

-- --------------------------------------------------------

--
-- 表的结构 `spell_info`
--

CREATE TABLE `spell_info` (
  `spellID` int(10) UNSIGNED NOT NULL,
  `spellIcon` varchar(256) NOT NULL,
  `spellFlags` json NOT NULL,
  `spellBuffType` tinyint(3) UNSIGNED NOT NULL,
  `spellCooldownType` tinyint(3) UNSIGNED NOT NULL,
  `spellTargetType` tinyint(3) UNSIGNED NOT NULL,
  `spellPassiveMode` tinyint(3) UNSIGNED NOT NULL,
  `spellPassiveBy` tinyint(3) UNSIGNED NOT NULL,
  `spellPassiveArgs` json NOT NULL,
  `spellPassiveChance` float NOT NULL,
  `spellLimitCareer` int(10) UNSIGNED NOT NULL,
  `spellLimitMapType` int(10) UNSIGNED NOT NULL,
  `spellLimitMapID` int(10) UNSIGNED NOT NULL,
  `spellLimitScriptID` int(10) UNSIGNED NOT NULL,
  `spellLimitScriptArgs` text NOT NULL,
  `spellInterruptBys` int(10) UNSIGNED NOT NULL,
  `spellStageTime` json NOT NULL
) ENGINE=InnoDB DEFAULT CHARSET=utf8mb4 COLLATE=utf8mb4_0900_ai_ci;

--
-- 转存表中的数据 `spell_info`
--

INSERT INTO `spell_info` (`spellID`, `spellIcon`, `spellFlags`, `spellBuffType`, `spellCooldownType`, `spellTargetType`, `spellPassiveMode`, `spellPassiveBy`, `spellPassiveArgs`, `spellPassiveChance`, `spellLimitCareer`, `spellLimitMapType`, `spellLimitMapID`, `spellLimitScriptID`, `spellLimitScriptArgs`, `spellInterruptBys`, `spellStageTime`) VALUES
(1, '', '{\"isExclusive\": true, \"isSync2Client\": true, \"isSync2AllClient\": true}', 0, 0, 2, 0, 0, '[0]', 0, 0, 0, 0, 0, '', 0, '[0, 1000, 300]'),
(2, '', '{\"isExclusive\": true, \"isSync2Client\": true, \"isSync2AllClient\": true}', 0, 0, 2, 0, 0, '[0]', 0, 0, 0, 0, 0, '', 0, '[0, 1000, 300]'),
(3, '', '{\"isExclusive\": true, \"isSync2Client\": true, \"isSync2AllClient\": true}', 0, 0, 0, 0, 0, '[0]', 0, 0, 0, 0, 0, '', 0, '[0, 1000, 300]'),
(4, '', '{\"isExclusive\": true, \"isSync2Client\": true, \"isSync2AllClient\": true}', 0, 0, 2, 0, 0, '[0]', 0, 0, 0, 0, 0, '', 0, '[0, 1000, 300]'),
(5, '', '{\"isExclusive\": true, \"isSync2Client\": true, \"isSync2AllClient\": true}', 0, 0, 2, 0, 0, '[0]', 0, 0, 0, 0, 0, '', 0, '[0, 1000, 300]'),
(6, '', '{\"isExclusive\": true, \"isSync2Client\": true, \"isSync2AllClient\": true}', 0, 0, 2, 0, 0, '[0]', 0, 0, 0, 0, 0, '', 0, '[0, 1000, 300]'),
(7, '', '{\"isExclusive\": true, \"isSync2Client\": true, \"isSync2AllClient\": true}', 0, 0, 0, 0, 0, '[0]', 0, 0, 0, 0, 0, '', 0, '[0, 0, 0]'),
(8, '', '{\"isExclusive\": true, \"isSync2Client\": true, \"isSync2AllClient\": true}', 0, 0, 0, 0, 0, '[0]', 0, 0, 0, 0, 0, '', 0, '[100, 2000, 500]'),
(9, '', '{\"isExclusive\": true, \"isSync2Client\": true, \"isSync2AllClient\": true}', 0, 0, 0, 0, 0, '[0]', 0, 0, 0, 0, 0, '', 0, '[100, 2000, 500]');

-- --------------------------------------------------------

--
-- 表的结构 `spell_level_effect_info`
--

CREATE TABLE `spell_level_effect_info` (
  `spellLevelEffectID` int(10) UNSIGNED NOT NULL,
  `spellID` int(10) UNSIGNED NOT NULL,
  `spellLevelID` int(10) UNSIGNED NOT NULL,
  `spellEffectFlags` json NOT NULL,
  `spellStageTrigger` tinyint(3) UNSIGNED NOT NULL,
  `spellDelayTrigger` int(10) UNSIGNED NOT NULL,
  `spellSelectType` tinyint(3) UNSIGNED NOT NULL,
  `spellSelectMode` tinyint(3) UNSIGNED NOT NULL,
  `spellSelectArgs` json NOT NULL,
  `spellSelectNumber` int(10) UNSIGNED NOT NULL,
  `spellDelayEffective` int(10) UNSIGNED NOT NULL,
  `spellEffectiveChance` float NOT NULL,
  `spellEffectStyle` int(10) UNSIGNED NOT NULL,
  `spellEffectType` int(10) UNSIGNED NOT NULL,
  `spellEffectArgs` text NOT NULL
) ENGINE=InnoDB DEFAULT CHARSET=utf8mb4 COLLATE=utf8mb4_0900_ai_ci;

--
-- 转存表中的数据 `spell_level_effect_info`
--

INSERT INTO `spell_level_effect_info` (`spellLevelEffectID`, `spellID`, `spellLevelID`, `spellEffectFlags`, `spellStageTrigger`, `spellDelayTrigger`, `spellSelectType`, `spellSelectMode`, `spellSelectArgs`, `spellSelectNumber`, `spellDelayEffective`, `spellEffectiveChance`, `spellEffectStyle`, `spellEffectType`, `spellEffectArgs`) VALUES
(97, 65, 83, '{}', 0, 0, 0, 0, 'null', 0, 0, 0, 0, 0, ''),
(98, 1, 84, '{\"isSync2Client\": true, \"isSync2AllClient\": true}', 2, 0, 3, 0, '[0]', 1, 0, 1, 0, 1, '1,0'),
(99, 2, 85, '{\"isSync2Client\": true, \"isSync2AllClient\": true}', 2, 0, 3, 0, '[0]', 1, 0, 1, 0, 1, '1,50'),
(100, 3, 86, '{\"isSync2Client\": true, \"isSync2AllClient\": true}', 2, 0, 5, 0, '[10]', 9, 0, 1, 0, 1, '1,999999999'),
(101, 4, 87, '{\"isSync2Client\": true, \"isSync2AllClient\": true}', 2, 0, 3, 0, '[0]', 1, 0, 1, 0, 1, '1,0'),
(102, 5, 88, '{\"isSync2Client\": true, \"isSync2AllClient\": true}', 2, 0, 3, 0, '[0]', 1, 0, 1, 0, 1, '1,0'),
(103, 6, 89, '{\"isSync2Client\": true, \"isSync2AllClient\": true}', 2, 0, 3, 0, '[0]', 1, 0, 1, 0, 1, '1,0'),
(104, 7, 90, '{}', 2, 0, 1, 0, '[0]', 0, 0, 0, 0, 501, ''),
(105, 8, 91, '{}', 0, 0, 0, 0, '[0]', 0, 0, 0, 0, 0, ''),
(106, 9, 92, '{}', 0, 0, 0, 0, '[0]', 0, 0, 0, 0, 0, '');

-- --------------------------------------------------------

--
-- 表的结构 `spell_level_info`
--

CREATE TABLE `spell_level_info` (
  `spellLevelID` int(10) UNSIGNED NOT NULL,
  `spellID` int(10) UNSIGNED NOT NULL,
  `spellLimitLevel` int(10) UNSIGNED NOT NULL,
  `spellCastDistMin` float NOT NULL,
  `spellCastDistMax` float NOT NULL,
  `spellEvalScore` int(10) UNSIGNED NOT NULL,
  `spellCostHP` int(10) UNSIGNED NOT NULL,
  `spellCostHPRate` float NOT NULL,
  `spellCostMP` int(10) UNSIGNED NOT NULL,
  `spellCostMPRate` float NOT NULL,
  `spellCDTime` int(10) UNSIGNED NOT NULL
) ENGINE=InnoDB DEFAULT CHARSET=utf8mb4 COLLATE=utf8mb4_0900_ai_ci;

--
-- 转存表中的数据 `spell_level_info`
--

INSERT INTO `spell_level_info` (`spellLevelID`, `spellID`, `spellLimitLevel`, `spellCastDistMin`, `spellCastDistMax`, `spellEvalScore`, `spellCostHP`, `spellCostHPRate`, `spellCostMP`, `spellCostMPRate`, `spellCDTime`) VALUES
(83, 65, 0, 0, 0, 0, 0, 0, 0, 0, 0),
(84, 1, 0, 0, 2.1, 1, 0, 0, 0, 0, 0),
(85, 2, 0, 0, 2.1, 10, 0, 0, 0, 0, 5000),
(86, 3, 0, 0, 0, 10, 0, 0, 0, 0, 5000),
(87, 4, 0, 0, 2.1, 1, 0, 0, 0, 0, 10000),
(88, 5, 0, 0, 0, 1, 0, 0, 0, 0, 0),
(89, 6, 0, 0, 0, 1, 0, 0, 0, 0, 0),
(90, 7, 0, 0, 0, 0, 0, 0, 0, 0, 0),
(91, 8, 0, 0, 0, 0, 0, 0, 0, 0, 0),
(92, 9, 0, 0, 0, 0, 0, 0, 0, 0, 0);

-- --------------------------------------------------------

--
-- 表的结构 `staticobject_spawn`
--

CREATE TABLE `staticobject_spawn` (
  `spawnId` int(10) UNSIGNED NOT NULL,
  `flags` json NOT NULL,
  `entry` int(10) UNSIGNED NOT NULL,
  `map_id` int(10) UNSIGNED NOT NULL,
  `map_type` int(10) UNSIGNED NOT NULL,
  `x` float NOT NULL,
  `y` float NOT NULL,
  `z` float NOT NULL,
  `o` float NOT NULL,
  `radius` float NOT NULL
) ENGINE=InnoDB DEFAULT CHARSET=utf8mb4 COLLATE=utf8mb4_0900_ai_ci;

--
-- 转存表中的数据 `staticobject_spawn`
--

INSERT INTO `staticobject_spawn` (`spawnId`, `flags`, `entry`, `map_id`, `map_type`, `x`, `y`, `z`, `o`, `radius`) VALUES
(1, '{\"isRespawn\": true}', 3, 1, 1, 5, 0, -5, 0, 2),
(2, '{\"isRespawn\": true}', 3, 2, 1, 73, 0, 100, 0, 2),
(3, '{\"isRespawn\": true}', 3, 2, 1, -43, 0, 91, 0, 2),
(4, '{\"isRespawn\": true}', 3, 1, 1, -97, 0, -80, 0, 2),
(5, '{\"isRespawn\": true}', 3, 1, 1, -37, 0, -34, 0, 2),
(6, '{\"isRespawn\": true}', 3, 2, 1, -52, 0, -78, 0, 2),
(7, '{\"isRespawn\": true}', 3, 1, 1, -29, 0, -32, 0, 2),
(8, '{\"isRespawn\": true}', 3, 2, 1, 72, 0, 23, 0, 2),
(9, '{\"isRespawn\": true}', 3, 1, 1, 67, 0, -80, 0, 2),
(10, '{\"isRespawn\": true}', 3, 1, 1, 42, 0, 39, 0, 2),
(101, 'null', 1, 1, 1, 30, 0, 30, 0, 2),
(102, 'null', 2, 2, 1, 30, 0, 30, 0, 2);

-- --------------------------------------------------------

--
-- 表的结构 `string_text_list`
--

CREATE TABLE `string_text_list` (
  `stringID` int(10) UNSIGNED NOT NULL,
  `stringEN` text,
  `stringCN` text
) ENGINE=InnoDB DEFAULT CHARSET=utf8mb4 COLLATE=utf8mb4_0900_ai_ci;

--
-- 转存表中的数据 `string_text_list`
--

INSERT INTO `string_text_list` (`stringID`, `stringEN`, `stringCN`) VALUES
(16777216, NULL, NULL),
(16777217, NULL, NULL),
(16777218, NULL, NULL),
(16777219, NULL, NULL),
(16777220, NULL, NULL),
(16777221, NULL, NULL),
(16777222, NULL, NULL),
(16777223, NULL, NULL),
(16777224, NULL, NULL),
(16777225, NULL, NULL),
(16777226, NULL, NULL),
(16777227, NULL, NULL),
(16777228, NULL, NULL),
(16777229, NULL, NULL),
(16777230, NULL, NULL),
(16777231, NULL, NULL),
(16777232, NULL, NULL),
(16777233, NULL, NULL),
(16777234, NULL, NULL),
(16777235, NULL, NULL),
(16777236, NULL, NULL),
(16777237, NULL, NULL),
(16777238, NULL, NULL),
(16777239, NULL, NULL),
(16777240, NULL, NULL),
(16777241, NULL, NULL),
(16777242, NULL, NULL),
(16777243, NULL, NULL),
(16777244, NULL, NULL),
(16777245, NULL, NULL),
(16777246, NULL, NULL),
(16777247, NULL, NULL),
(16777248, NULL, '角色无效'),
(16777249, NULL, '角色不在线'),
(16777250, NULL, '角色不存在'),
(16777251, NULL, '角色在迁移中…'),
(16777252, NULL, '角色未初始化'),
(16777253, NULL, '角色名已存在'),
(16777254, NULL, '角色名无效'),
(16777255, NULL, '角色名太短'),
(16777256, NULL, '角色名太长'),
(16777257, NULL, '角色名非法'),
(16777258, NULL, '角色数已达上限'),
(16777259, NULL, NULL),
(16777260, NULL, NULL),
(16777261, NULL, NULL),
(16777262, NULL, NULL),
(16777263, NULL, NULL),
(16777264, NULL, NULL),
(16777265, NULL, NULL),
(16777266, NULL, NULL),
(16777267, NULL, NULL),
(16777268, NULL, NULL),
(16777269, NULL, NULL),
(16777270, NULL, NULL),
(16777271, NULL, NULL),
(16777272, NULL, NULL),
(16777273, NULL, NULL),
(16777274, NULL, NULL),
(16777275, NULL, NULL),
(16777276, NULL, NULL),
(16777277, NULL, NULL),
(16777278, NULL, NULL),
(16777279, NULL, NULL),
(16777280, NULL, NULL),
(16777281, NULL, NULL),
(16777282, NULL, NULL),
(16777283, NULL, NULL),
(16777284, NULL, NULL),
(16777285, NULL, NULL),
(16777286, NULL, NULL),
(16777287, NULL, NULL),
(16777288, NULL, NULL),
(16777289, NULL, NULL),
(16777290, NULL, NULL),
(16777291, NULL, NULL),
(16777292, NULL, NULL),
(16777293, NULL, NULL),
(16777294, NULL, NULL),
(16777295, NULL, NULL),
(16777296, NULL, NULL),
(16777297, NULL, NULL),
(16777298, NULL, NULL),
(16777299, NULL, NULL),
(16777300, NULL, NULL),
(16777301, NULL, NULL),
(16777302, NULL, NULL),
(16777303, NULL, NULL),
(16777304, NULL, NULL),
(16777305, NULL, NULL),
(16777306, NULL, NULL),
(16777307, NULL, NULL),
(16777308, NULL, NULL),
(16777309, NULL, NULL),
(16777310, NULL, NULL),
(16777311, NULL, NULL),
(16777312, NULL, NULL),
(16777313, NULL, NULL),
(16777314, NULL, NULL),
(16777315, NULL, NULL),
(16777316, NULL, NULL),
(83886081, NULL, '男角色'),
(83886082, NULL, '女角色'),
(83886083, NULL, '鸡'),
(83886084, NULL, '山羊'),
(83886085, NULL, '野兔'),
(83886086, NULL, '狐狸'),
(83886087, NULL, '螃蟹'),
(83886088, NULL, '剑齿虎'),
(83886089, NULL, '狼'),
(83886090, NULL, '猛马象'),
(83886091, NULL, '强盗'),
(83886092, NULL, '哥布林'),
(100663297, NULL, '男角色原型'),
(100663298, NULL, '女角色原型'),
(100663299, NULL, '鸡'),
(100663300, NULL, '山羊'),
(100663301, NULL, '野兔'),
(100663302, NULL, '狐狸'),
(100663303, NULL, '螃蟹'),
(100663304, NULL, '剑齿虎'),
(100663305, NULL, '狼'),
(100663306, NULL, '猛马象'),
(100663307, NULL, '强盗'),
(100663308, NULL, '哥布林'),
(117440513, NULL, '主城传送'),
(117440514, NULL, '新手村传送'),
(117440515, NULL, '药草'),
(117440520, NULL, '新静物'),
(134217729, NULL, '主城传送'),
(134217730, NULL, '新手村传送'),
(134217731, NULL, '药草'),
(134217736, NULL, '新静物'),
(150994954, NULL, '杀鸡'),
(150994955, NULL, '杀山羊'),
(150994956, NULL, '杀野兔'),
(150994957, NULL, '杀狐狸'),
(150994958, NULL, '杀螃蟹'),
(150994959, NULL, '杀剑齿虎'),
(167772170, NULL, '杀鸡'),
(167772171, NULL, '杀山羊'),
(167772172, NULL, '杀野兔'),
(167772173, NULL, '杀狐狸'),
(167772174, NULL, '杀螃蟹'),
(167772175, NULL, '杀剑齿虎'),
(184549377, NULL, '皮革'),
(184549378, NULL, '破布'),
(184549379, NULL, '刀'),
(184549380, NULL, '肉类'),
(184549381, NULL, '草药'),
(184549382, NULL, '药水'),
(184549402, NULL, '新物品'),
(201326593, NULL, '皮革'),
(201326594, NULL, '破布'),
(201326595, NULL, '刀'),
(201326596, NULL, '肉类'),
(201326597, NULL, '草药'),
(201326598, NULL, '药水'),
(201326618, NULL, '新物品'),
(218103809, NULL, '普攻'),
(218103810, NULL, '强攻'),
(218103811, NULL, '必杀招'),
(218103812, NULL, '连续攻击1段'),
(218103813, NULL, '连续攻击2段'),
(218103814, NULL, '连续攻击3段'),
(218103815, NULL, '采集'),
(218103816, NULL, '咆哮'),
(218103817, NULL, '恐吓'),
(218103873, NULL, '新技能'),
(234881025, NULL, '普攻'),
(234881026, NULL, '强攻'),
(234881027, NULL, '必杀招'),
(234881028, NULL, '连续攻击1段'),
(234881029, NULL, '连续攻击2段'),
(234881030, NULL, '连续攻击3段'),
(234881031, NULL, '采集'),
(234881032, NULL, '咆哮'),
(234881033, NULL, '恐吓'),
(234881089, NULL, '新技能'),
(251658337, NULL, ''),
(251658338, NULL, ''),
(251658339, NULL, ''),
(251658340, NULL, ''),
(251658341, NULL, ''),
(251658342, NULL, ''),
(251658343, NULL, ''),
(251658344, NULL, ''),
(251658345, NULL, ''),
(251658346, NULL, '');

-- --------------------------------------------------------

--
-- 表的结构 `teleport_point`
--

CREATE TABLE `teleport_point` (
  `Id` int(10) UNSIGNED NOT NULL,
  `name` varchar(128) NOT NULL,
  `map_id` int(10) UNSIGNED NOT NULL,
  `map_type` int(10) UNSIGNED NOT NULL,
  `x` float NOT NULL,
  `y` float NOT NULL,
  `z` float NOT NULL,
  `o` float NOT NULL,
  `trait` int(10) UNSIGNED NOT NULL
) ENGINE=InnoDB DEFAULT CHARSET=utf8mb4 COLLATE=utf8mb4_0900_ai_ci;

--
-- 转存表中的数据 `teleport_point`
--

INSERT INTO `teleport_point` (`Id`, `name`, `map_id`, `map_type`, `x`, `y`, `z`, `o`, `trait`) VALUES
(1, '新手村', 1, 1, 5, 0, 5, 0, 0),
(2, '主城', 2, 1, 5, 0, 5, 0, 0);

-- --------------------------------------------------------

--
-- 表的结构 `way_point`
--

CREATE TABLE `way_point` (
  `Id` int(10) UNSIGNED NOT NULL,
  `first_wp_id` int(10) UNSIGNED NOT NULL,
  `prev_wp_id` int(10) UNSIGNED NOT NULL,
  `next_wp_id` int(10) UNSIGNED NOT NULL,
  `map_id` int(10) UNSIGNED NOT NULL,
  `x` float NOT NULL,
  `y` float NOT NULL,
  `z` float NOT NULL,
  `keep_idle` int(10) UNSIGNED NOT NULL,
  `emote_state` int(10) UNSIGNED NOT NULL
) ENGINE=InnoDB DEFAULT CHARSET=utf8mb4 COLLATE=utf8mb4_0900_ai_ci;

--
-- 转储表的索引
--

--
-- 表的索引 `char_prototype`
--
ALTER TABLE `char_prototype`
  ADD PRIMARY KEY (`charTypeId`);

--
-- 表的索引 `configure`
--
ALTER TABLE `configure`
  ADD UNIQUE KEY `cfgName` (`cfgName`),
  ADD KEY `cfgIndex` (`cfgIndex`);

--
-- 表的索引 `creature_attribute`
--
ALTER TABLE `creature_attribute`
  ADD PRIMARY KEY (`Id`);

--
-- 表的索引 `creature_custom_attribute`
--
ALTER TABLE `creature_custom_attribute`
  ADD PRIMARY KEY (`charTypeId`);

--
-- 表的索引 `creature_spawn`
--
ALTER TABLE `creature_spawn`
  ADD PRIMARY KEY (`spawnId`);

--
-- 表的索引 `editor_tree_view`
--
ALTER TABLE `editor_tree_view`
  ADD PRIMARY KEY (`etvType`);

--
-- 表的索引 `item_equip_prototype`
--
ALTER TABLE `item_equip_prototype`
  ADD PRIMARY KEY (`itemTypeID`);

--
-- 表的索引 `item_prototype`
--
ALTER TABLE `item_prototype`
  ADD PRIMARY KEY (`itemTypeID`);

--
-- 表的索引 `landmark_point`
--
ALTER TABLE `landmark_point`
  ADD PRIMARY KEY (`Id`);

--
-- 表的索引 `loot_set`
--
ALTER TABLE `loot_set`
  ADD PRIMARY KEY (`lsID`);

--
-- 表的索引 `loot_set_group`
--
ALTER TABLE `loot_set_group`
  ADD PRIMARY KEY (`lsgID`);

--
-- 表的索引 `loot_set_group_cheque`
--
ALTER TABLE `loot_set_group_cheque`
  ADD PRIMARY KEY (`lsgcID`);

--
-- 表的索引 `loot_set_group_item`
--
ALTER TABLE `loot_set_group_item`
  ADD PRIMARY KEY (`lsgiID`);

--
-- 表的索引 `map_graveyard`
--
ALTER TABLE `map_graveyard`
  ADD PRIMARY KEY (`Id`);

--
-- 表的索引 `map_info`
--
ALTER TABLE `map_info`
  ADD PRIMARY KEY (`Id`);

--
-- 表的索引 `map_zone`
--
ALTER TABLE `map_zone`
  ADD PRIMARY KEY (`Id`);

--
-- 表的索引 `player_attribute`
--
ALTER TABLE `player_attribute`
  ADD PRIMARY KEY (`Id`);

--
-- 表的索引 `player_base`
--
ALTER TABLE `player_base`
  ADD PRIMARY KEY (`level`);

--
-- 表的索引 `quest_prototype`
--
ALTER TABLE `quest_prototype`
  ADD PRIMARY KEY (`questTypeID`);

--
-- 表的索引 `scriptable`
--
ALTER TABLE `scriptable`
  ADD PRIMARY KEY (`scriptId`);

--
-- 表的索引 `shop_prototype`
--
ALTER TABLE `shop_prototype`
  ADD PRIMARY KEY (`Id`);

--
-- 表的索引 `sobj_prototype`
--
ALTER TABLE `sobj_prototype`
  ADD PRIMARY KEY (`sobjTypeId`);

--
-- 表的索引 `spell_info`
--
ALTER TABLE `spell_info`
  ADD PRIMARY KEY (`spellID`);

--
-- 表的索引 `spell_level_effect_info`
--
ALTER TABLE `spell_level_effect_info`
  ADD PRIMARY KEY (`spellLevelEffectID`);

--
-- 表的索引 `spell_level_info`
--
ALTER TABLE `spell_level_info`
  ADD PRIMARY KEY (`spellLevelID`);

--
-- 表的索引 `staticobject_spawn`
--
ALTER TABLE `staticobject_spawn`
  ADD PRIMARY KEY (`spawnId`);

--
-- 表的索引 `string_text_list`
--
ALTER TABLE `string_text_list`
  ADD PRIMARY KEY (`stringID`);

--
-- 表的索引 `teleport_point`
--
ALTER TABLE `teleport_point`
  ADD PRIMARY KEY (`Id`);

--
-- 表的索引 `way_point`
--
ALTER TABLE `way_point`
  ADD PRIMARY KEY (`Id`);

--
-- 在导出的表使用AUTO_INCREMENT
--

--
-- 使用表AUTO_INCREMENT `char_prototype`
--
ALTER TABLE `char_prototype`
  MODIFY `charTypeId` int(10) UNSIGNED NOT NULL AUTO_INCREMENT, AUTO_INCREMENT=13;

--
-- 使用表AUTO_INCREMENT `creature_spawn`
--
ALTER TABLE `creature_spawn`
  MODIFY `spawnId` int(10) UNSIGNED NOT NULL AUTO_INCREMENT, AUTO_INCREMENT=101;

--
-- 使用表AUTO_INCREMENT `item_prototype`
--
ALTER TABLE `item_prototype`
  MODIFY `itemTypeID` int(10) UNSIGNED NOT NULL AUTO_INCREMENT, AUTO_INCREMENT=7;

--
-- 使用表AUTO_INCREMENT `landmark_point`
--
ALTER TABLE `landmark_point`
  MODIFY `Id` int(10) UNSIGNED NOT NULL AUTO_INCREMENT, AUTO_INCREMENT=3;

--
-- 使用表AUTO_INCREMENT `loot_set`
--
ALTER TABLE `loot_set`
  MODIFY `lsID` int(10) UNSIGNED NOT NULL AUTO_INCREMENT, AUTO_INCREMENT=4;

--
-- 使用表AUTO_INCREMENT `loot_set_group`
--
ALTER TABLE `loot_set_group`
  MODIFY `lsgID` int(10) UNSIGNED NOT NULL AUTO_INCREMENT, AUTO_INCREMENT=7;

--
-- 使用表AUTO_INCREMENT `loot_set_group_cheque`
--
ALTER TABLE `loot_set_group_cheque`
  MODIFY `lsgcID` int(10) UNSIGNED NOT NULL AUTO_INCREMENT, AUTO_INCREMENT=8;

--
-- 使用表AUTO_INCREMENT `loot_set_group_item`
--
ALTER TABLE `loot_set_group_item`
  MODIFY `lsgiID` int(10) UNSIGNED NOT NULL AUTO_INCREMENT, AUTO_INCREMENT=13;

--
-- 使用表AUTO_INCREMENT `map_graveyard`
--
ALTER TABLE `map_graveyard`
  MODIFY `Id` int(10) UNSIGNED NOT NULL AUTO_INCREMENT, AUTO_INCREMENT=3;

--
-- 使用表AUTO_INCREMENT `map_info`
--
ALTER TABLE `map_info`
  MODIFY `Id` int(10) UNSIGNED NOT NULL AUTO_INCREMENT, AUTO_INCREMENT=3;

--
-- 使用表AUTO_INCREMENT `map_zone`
--
ALTER TABLE `map_zone`
  MODIFY `Id` int(10) UNSIGNED NOT NULL AUTO_INCREMENT;

--
-- 使用表AUTO_INCREMENT `quest_prototype`
--
ALTER TABLE `quest_prototype`
  MODIFY `questTypeID` int(10) UNSIGNED NOT NULL AUTO_INCREMENT, AUTO_INCREMENT=16;

--
-- 使用表AUTO_INCREMENT `scriptable`
--
ALTER TABLE `scriptable`
  MODIFY `scriptId` int(10) UNSIGNED NOT NULL AUTO_INCREMENT, AUTO_INCREMENT=5;

--
-- 使用表AUTO_INCREMENT `shop_prototype`
--
ALTER TABLE `shop_prototype`
  MODIFY `Id` int(10) UNSIGNED NOT NULL AUTO_INCREMENT;

--
-- 使用表AUTO_INCREMENT `sobj_prototype`
--
ALTER TABLE `sobj_prototype`
  MODIFY `sobjTypeId` int(10) UNSIGNED NOT NULL AUTO_INCREMENT, AUTO_INCREMENT=4;

--
-- 使用表AUTO_INCREMENT `spell_info`
--
ALTER TABLE `spell_info`
  MODIFY `spellID` int(10) UNSIGNED NOT NULL AUTO_INCREMENT, AUTO_INCREMENT=10;

--
-- 使用表AUTO_INCREMENT `spell_level_effect_info`
--
ALTER TABLE `spell_level_effect_info`
  MODIFY `spellLevelEffectID` int(10) UNSIGNED NOT NULL AUTO_INCREMENT, AUTO_INCREMENT=107;

--
-- 使用表AUTO_INCREMENT `spell_level_info`
--
ALTER TABLE `spell_level_info`
  MODIFY `spellLevelID` int(10) UNSIGNED NOT NULL AUTO_INCREMENT, AUTO_INCREMENT=93;

--
-- 使用表AUTO_INCREMENT `staticobject_spawn`
--
ALTER TABLE `staticobject_spawn`
  MODIFY `spawnId` int(10) UNSIGNED NOT NULL AUTO_INCREMENT, AUTO_INCREMENT=103;

--
-- 使用表AUTO_INCREMENT `teleport_point`
--
ALTER TABLE `teleport_point`
  MODIFY `Id` int(10) UNSIGNED NOT NULL AUTO_INCREMENT, AUTO_INCREMENT=3;

--
-- 使用表AUTO_INCREMENT `way_point`
--
ALTER TABLE `way_point`
  MODIFY `Id` int(10) UNSIGNED NOT NULL AUTO_INCREMENT;
COMMIT;

/*!40101 SET CHARACTER_SET_CLIENT=@OLD_CHARACTER_SET_CLIENT */;
/*!40101 SET CHARACTER_SET_RESULTS=@OLD_CHARACTER_SET_RESULTS */;
/*!40101 SET COLLATION_CONNECTION=@OLD_COLLATION_CONNECTION */;
